Sample Nº,Date,Time,Milliseconds,Tensão [V],? Tensão [V],Corrente [?A],? Corrente [?A],Pressão [mBar],? Pressão [mBar]
1,16-11-2021,15:50:36,866,"-74,82E-3",10E-6,"5,64E-3",10E-6,680,10E-6
2,16-11-2021,15:50:46,866,"-74,82E-3",10E-6,"5,64E-3",10E-6,700,10E-6
3,16-11-2021,15:50:56,866,"-74,82E-3",10E-6,"5,64E-3",10E-6,700,10E-6
4,16-11-2021,15:51:06,866,"-74,82E-3",10E-6,"5,64E-3",10E-6,1E3,10E-6
5,16-11-2021,15:51:16,866,"-74,82E-3",10E-6,"5,64E-3",10E-6,1E3,10E-6
6,16-11-2021,15:51:26,866,"-74,82E-3",10E-6,"5,64E-3",10E-6,1E3,10E-6
7,16-11-2021,15:51:36,866,"-74,82E-3",10E-6,"5,64E-3",10E-6,700,10E-6
8,16-11-2021,15:51:46,866,"-74,82E-3",10E-6,"5,64E-3",10E-6,1E3,10E-6
9,16-11-2021,15:51:56,866,"-74,82E-3",10E-6,"5,64E-3",10E-6,700,10E-6
10,16-11-2021,15:52:06,866,"-74,82E-3",10E-6,"5,64E-3",10E-6,1E3,10E-6
11,16-11-2021,15:52:16,866,"-74,82E-3",10E-6,"5,64E-3",10E-6,1E3,10E-6
12,16-11-2021,15:52:26,866,"-74,82E-3",10E-6,"5,64E-3",10E-6,1E3,10E-6
13,16-11-2021,15:52:36,866,"-74,82E-3",10E-6,"5,64E-3",10E-6,1E3,10E-6
14,16-11-2021,15:52:46,866,"-74,82E-3",10E-6,"5,64E-3",10E-6,1E3,10E-6
15,16-11-2021,15:52:56,866,"-74,82E-3",10E-6,"5,64E-3",10E-6,1E3,10E-6
16,16-11-2021,15:53:06,866,"-74,82E-3",10E-6,"5,64E-3",10E-6,1E3,10E-6
17,16-11-2021,15:53:16,866,"-74,82E-3",10E-6,"5,64E-3",10E-6,1E3,10E-6
18,16-11-2021,15:53:26,866,"-74,82E-3",10E-6,"5,64E-3",10E-6,1E3,10E-6
19,16-11-2021,15:53:36,866,"-74,82E-3",10E-6,"5,64E-3",10E-6,1E3,10E-6
20,16-11-2021,15:53:46,866,"-74,82E-3",10E-6,"5,64E-3",10E-6,1E3,10E-6
21,16-11-2021,15:53:56,866,"-74,82E-3",10E-6,"5,64E-3",10E-6,1E3,10E-6
22,16-11-2021,15:54:06,866,"-74,82E-3",10E-6,"5,64E-3",10E-6,1E3,10E-6
23,16-11-2021,15:54:16,866,"-74,82E-3",10E-6,"5,64E-3",10E-6,1E3,10E-6
24,16-11-2021,15:54:26,866,"-74,82E-3",10E-6,"5,64E-3",10E-6,1E3,10E-6
25,16-11-2021,15:54:36,866,"-74,82E-3",10E-6,"5,64E-3",10E-6,1E3,10E-6
26,16-11-2021,15:54:46,866,"-74,82E-3",10E-6,"5,64E-3",10E-6,1E3,10E-6
27,16-11-2021,15:54:56,866,"-74,82E-3",10E-6,"5,64E-3",10E-6,1E3,10E-6
28,16-11-2021,15:55:06,866,"-74,82E-3",10E-6,"5,64E-3",10E-6,1E3,10E-6
29,16-11-2021,15:55:16,866,"-74,82E-3",10E-6,"5,64E-3",10E-6,1E3,10E-6
30,16-11-2021,15:55:26,866,"-74,82E-3",10E-6,"5,64E-3",10E-6,700,10E-6
31,16-11-2021,15:55:36,866,"-74,82E-3",10E-6,"5,64E-3",10E-6,1E3,10E-6
32,16-11-2021,15:55:46,866,"-74,82E-3",10E-6,"5,64E-3",10E-6,1E3,10E-6
33,16-11-2021,15:55:56,866,"-74,82E-3",10E-6,"5,64E-3",10E-6,1E3,10E-6
34,16-11-2021,15:56:06,866,"-74,82E-3",10E-6,"5,64E-3",10E-6,1E3,10E-6
35,16-11-2021,15:56:16,866,"-74,82E-3",10E-6,"5,64E-3",10E-6,1E3,10E-6
36,16-11-2021,15:56:26,866,"-74,82E-3",10E-6,"5,64E-3",10E-6,1E3,10E-6
37,16-11-2021,15:56:36,866,"-74,82E-3",10E-6,"5,64E-3",10E-6,1E3,10E-6
38,16-11-2021,15:56:46,866,"-74,82E-3",10E-6,"5,64E-3",10E-6,1E3,10E-6
39,16-11-2021,15:56:56,866,"-74,82E-3",10E-6,"5,64E-3",10E-6,1E3,10E-6
40,16-11-2021,15:57:06,866,"-74,82E-3",10E-6,"5,64E-3",10E-6,1E3,10E-6
41,16-11-2021,15:57:16,866,"-74,82E-3",10E-6,"5,64E-3",10E-6,1E3,10E-6
42,16-11-2021,15:57:26,866,"-74,82E-3",10E-6,"5,64E-3",10E-6,1E3,10E-6
43,16-11-2021,15:57:36,866,"-74,82E-3",10E-6,"5,64E-3",10E-6,190,10E-6
44,16-11-2021,15:57:46,866,"-74,82E-3",10E-6,"5,64E-3",10E-6,82,10E-6
45,16-11-2021,15:57:56,866,"-74,82E-3",10E-6,"5,64E-3",10E-6,59,10E-6
46,16-11-2021,15:58:06,866,"-74,82E-3",10E-6,"5,64E-3",10E-6,45,10E-6
47,16-11-2021,15:58:16,866,"-74,82E-3",10E-6,"5,64E-3",10E-6,37,10E-6
48,16-11-2021,15:58:26,866,"-74,82E-3",10E-6,"5,64E-3",10E-6,33,10E-6
49,16-11-2021,15:58:36,866,"-74,82E-3",10E-6,"5,64E-3",10E-6,28,10E-6
50,16-11-2021,15:58:46,866,"-74,82E-3",10E-6,"5,64E-3",10E-6,23,10E-6
51,16-11-2021,15:58:56,866,"-74,82E-3",10E-6,"5,64E-3",10E-6,19,10E-6
52,16-11-2021,15:59:06,866,"-74,82E-3",10E-6,"5,64E-3",10E-6,17,10E-6
53,16-11-2021,15:59:16,866,"-74,82E-3",10E-6,"5,64E-3",10E-6,15,10E-6
54,16-11-2021,15:59:26,866,"-74,82E-3",10E-6,"5,64E-3",10E-6,13,10E-6
55,16-11-2021,15:59:36,866,"-74,82E-3",10E-6,"5,64E-3",10E-6,10,10E-6
56,16-11-2021,15:59:46,866,"-74,82E-3",10E-6,"5,64E-3",10E-6,"9,2",10E-6
57,16-11-2021,15:59:56,866,"-74,82E-3",10E-6,"5,64E-3",10E-6,"7,9",10E-6
58,16-11-2021,16:00:06,866,"-74,82E-3",10E-6,"5,64E-3",10E-6,"6,4",10E-6
59,16-11-2021,16:00:16,866,"-74,82E-3",10E-6,"5,64E-3",10E-6,"5,1",10E-6
60,16-11-2021,16:00:26,866,"-74,82E-3",10E-6,"5,64E-3",10E-6,"3,8",10E-6
61,16-11-2021,16:00:36,866,"-74,82E-3",10E-6,"5,64E-3",10E-6,"3,1",10E-6
62,16-11-2021,16:00:46,866,"-74,82E-3",10E-6,"5,64E-3",10E-6,"2,4",10E-6
63,16-11-2021,16:00:56,866,"-74,82E-3",10E-6,"5,64E-3",10E-6,"1,9",10E-6
64,16-11-2021,16:01:06,866,"-74,82E-3",10E-6,"5,64E-3",10E-6,"1,6",10E-6
65,16-11-2021,16:01:16,866,"-74,82E-3",10E-6,"5,64E-3",10E-6,"1,3",10E-6
66,16-11-2021,16:01:26,866,"-74,82E-3",10E-6,"5,64E-3",10E-6,"1,1",10E-6
67,16-11-2021,16:01:36,866,"-74,82E-3",10E-6,"5,64E-3",10E-6,950E-3,10E-6
68,16-11-2021,16:01:46,866,"-74,82E-3",10E-6,"5,64E-3",10E-6,830E-3,10E-6
69,16-11-2021,16:01:56,866,"-74,82E-3",10E-6,"5,64E-3",10E-6,730E-3,10E-6
70,16-11-2021,16:02:06,866,"-74,82E-3",10E-6,"5,64E-3",10E-6,660E-3,10E-6
71,16-11-2021,16:02:16,866,"-74,82E-3",10E-6,"5,64E-3",10E-6,600E-3,10E-6
72,16-11-2021,16:02:26,866,"-74,82E-3",10E-6,"5,64E-3",10E-6,550E-3,10E-6
73,16-11-2021,16:02:36,866,"-74,82E-3",10E-6,"5,64E-3",10E-6,510E-3,10E-6
74,16-11-2021,16:02:46,866,"-74,82E-3",10E-6,"5,64E-3",10E-6,470E-3,10E-6
75,16-11-2021,16:02:56,866,"-74,82E-3",10E-6,"5,64E-3",10E-6,530E-3,10E-6
76,16-11-2021,16:03:06,866,"-74,82E-3",10E-6,"5,64E-3",10E-6,530E-3,10E-6
77,16-11-2021,16:03:16,866,"-74,82E-3",10E-6,"5,64E-3",10E-6,530E-3,10E-6
78,16-11-2021,16:03:26,866,"-74,82E-3",10E-6,"5,64E-3",10E-6,530E-3,10E-6
79,16-11-2021,16:03:36,866,"-74,82E-3",10E-6,"5,64E-3",10E-6,540E-3,10E-6
80,16-11-2021,16:03:46,866,"-74,82E-3",10E-6,"5,64E-3",10E-6,540E-3,10E-6
81,16-11-2021,16:03:56,866,"-74,82E-3",10E-6,"5,64E-3",10E-6,540E-3,10E-6
82,16-11-2021,16:04:06,866,"-74,82E-3",10E-6,"5,64E-3",10E-6,550E-3,10E-6
83,16-11-2021,16:04:16,866,"-74,82E-3",10E-6,"5,64E-3",10E-6,550E-3,10E-6
84,16-11-2021,16:04:26,866,"-74,82E-3",10E-6,"5,64E-3",10E-6,550E-3,10E-6
85,16-11-2021,16:04:36,866,"-74,82E-3",10E-6,"5,64E-3",10E-6,560E-3,10E-6
86,16-11-2021,16:04:46,866,"-74,82E-3",10E-6,"5,64E-3",10E-6,560E-3,10E-6
87,16-11-2021,16:04:56,866,"-74,82E-3",10E-6,"5,64E-3",10E-6,560E-3,10E-6
88,16-11-2021,16:05:06,866,"-74,82E-3",10E-6,"5,64E-3",10E-6,560E-3,10E-6
89,16-11-2021,16:05:16,866,"-74,82E-3",10E-6,"5,64E-3",10E-6,570E-3,10E-6
90,16-11-2021,16:05:26,866,"-74,82E-3",10E-6,"5,64E-3",10E-6,570E-3,10E-6
91,16-11-2021,16:05:36,866,"-74,82E-3",10E-6,"5,64E-3",10E-6,570E-3,10E-6
92,16-11-2021,16:05:46,866,"-74,82E-3",10E-6,"5,64E-3",10E-6,570E-3,10E-6
93,16-11-2021,16:05:56,866,"-74,82E-3",10E-6,"5,64E-3",10E-6,580E-3,10E-6
94,16-11-2021,16:06:06,866,"-74,82E-3",10E-6,"5,64E-3",10E-6,580E-3,10E-6
95,16-11-2021,16:06:16,866,"-74,82E-3",10E-6,"5,64E-3",10E-6,580E-3,10E-6
96,16-11-2021,16:06:26,866,"-74,82E-3",10E-6,"5,64E-3",10E-6,580E-3,10E-6
97,16-11-2021,16:06:36,866,"-74,82E-3",10E-6,"5,64E-3",10E-6,590E-3,10E-6
98,16-11-2021,16:06:46,866,"-74,82E-3",10E-6,"5,64E-3",10E-6,590E-3,10E-6
99,16-11-2021,16:06:56,866,"-74,82E-3",10E-6,"5,64E-3",10E-6,590E-3,10E-6
100,16-11-2021,16:07:06,866,"-74,82E-3",10E-6,"5,64E-3",10E-6,590E-3,10E-6
101,16-11-2021,16:07:16,866,"-74,82E-3",10E-6,"5,64E-3",10E-6,590E-3,10E-6
102,16-11-2021,16:07:26,866,"-74,82E-3",10E-6,"5,64E-3",10E-6,600E-3,10E-6
103,16-11-2021,16:07:36,866,"-74,82E-3",10E-6,"5,64E-3",10E-6,600E-3,10E-6
104,16-11-2021,16:07:46,866,"-74,82E-3",10E-6,"5,64E-3",10E-6,600E-3,10E-6
105,16-11-2021,16:07:56,866,"-74,82E-3",10E-6,"5,64E-3",10E-6,600E-3,10E-6
106,16-11-2021,16:08:06,866,"-74,82E-3",10E-6,"5,64E-3",10E-6,610E-3,10E-6
107,16-11-2021,16:08:16,866,"-74,82E-3",10E-6,"5,64E-3",10E-6,610E-3,10E-6
108,16-11-2021,16:08:26,866,"-74,82E-3",10E-6,"5,64E-3",10E-6,610E-3,10E-6
109,16-11-2021,16:08:36,866,"-74,82E-3",10E-6,"5,64E-3",10E-6,610E-3,10E-6
110,16-11-2021,16:08:46,866,"-74,82E-3",10E-6,"5,64E-3",10E-6,620E-3,10E-6
111,16-11-2021,16:08:56,866,"-74,82E-3",10E-6,"5,64E-3",10E-6,620E-3,10E-6
112,16-11-2021,16:09:06,866,"-74,82E-3",10E-6,"5,64E-3",10E-6,620E-3,10E-6
113,16-11-2021,16:09:16,866,"-74,82E-3",10E-6,"5,64E-3",10E-6,630E-3,10E-6
114,16-11-2021,16:09:26,866,"-74,82E-3",10E-6,"5,64E-3",10E-6,630E-3,10E-6
115,16-11-2021,16:09:36,866,"-74,82E-3",10E-6,"5,64E-3",10E-6,630E-3,10E-6
116,16-11-2021,16:09:46,866,"-74,82E-3",10E-6,"5,64E-3",10E-6,630E-3,10E-6
117,16-11-2021,16:09:56,866,"-74,82E-3",10E-6,"5,64E-3",10E-6,640E-3,10E-6
118,16-11-2021,16:10:06,866,"-74,82E-3",10E-6,"5,64E-3",10E-6,640E-3,10E-6
119,16-11-2021,16:10:16,866,"-74,82E-3",10E-6,"5,64E-3",10E-6,640E-3,10E-6
120,16-11-2021,16:10:26,866,"-74,82E-3",10E-6,"5,64E-3",10E-6,650E-3,10E-6
121,16-11-2021,16:10:36,866,"-74,82E-3",10E-6,"5,64E-3",10E-6,650E-3,10E-6
122,16-11-2021,16:10:46,866,"-74,82E-3",10E-6,"5,64E-3",10E-6,650E-3,10E-6
123,16-11-2021,16:10:56,866,"-74,82E-3",10E-6,"5,64E-3",10E-6,650E-3,10E-6
124,16-11-2021,16:11:06,866,"-74,82E-3",10E-6,"5,64E-3",10E-6,660E-3,10E-6
125,16-11-2021,16:11:16,866,"-74,82E-3",10E-6,"5,64E-3",10E-6,660E-3,10E-6
126,16-11-2021,16:11:26,866,"-74,82E-3",10E-6,"5,64E-3",10E-6,660E-3,10E-6
127,16-11-2021,16:11:36,866,"-74,82E-3",10E-6,"5,64E-3",10E-6,660E-3,10E-6
128,16-11-2021,16:11:46,866,"-74,82E-3",10E-6,"5,64E-3",10E-6,670E-3,10E-6
129,16-11-2021,16:11:56,866,"-74,82E-3",10E-6,"5,64E-3",10E-6,670E-3,10E-6
130,16-11-2021,16:12:06,866,"-74,82E-3",10E-6,"5,64E-3",10E-6,670E-3,10E-6
131,16-11-2021,16:12:16,866,"-74,82E-3",10E-6,"5,64E-3",10E-6,670E-3,10E-6
132,16-11-2021,16:12:26,866,"-74,82E-3",10E-6,"5,64E-3",10E-6,680E-3,10E-6
133,16-11-2021,16:12:36,866,"-74,82E-3",10E-6,"5,64E-3",10E-6,680E-3,10E-6
134,16-11-2021,16:12:46,866,"-74,82E-3",10E-6,"5,64E-3",10E-6,680E-3,10E-6
135,16-11-2021,16:12:56,866,"-74,82E-3",10E-6,"5,64E-3",10E-6,680E-3,10E-6
136,16-11-2021,16:13:06,866,"-74,82E-3",10E-6,"5,64E-3",10E-6,690E-3,10E-6
137,16-11-2021,16:13:16,866,"-74,82E-3",10E-6,"5,64E-3",10E-6,690E-3,10E-6
138,16-11-2021,16:13:26,866,"-74,82E-3",10E-6,"5,64E-3",10E-6,690E-3,10E-6
139,16-11-2021,16:13:36,866,"-74,82E-3",10E-6,"5,64E-3",10E-6,690E-3,10E-6
140,16-11-2021,16:13:46,866,"-74,82E-3",10E-6,"5,64E-3",10E-6,690E-3,10E-6
141,16-11-2021,16:13:56,866,"-74,82E-3",10E-6,"5,64E-3",10E-6,700E-3,10E-6
142,16-11-2021,16:14:06,866,"-74,82E-3",10E-6,"5,64E-3",10E-6,700E-3,10E-6
143,16-11-2021,16:14:16,866,"-74,82E-3",10E-6,"5,64E-3",10E-6,700E-3,10E-6
144,16-11-2021,16:14:26,866,"-74,82E-3",10E-6,"5,64E-3",10E-6,710E-3,10E-6
145,16-11-2021,16:14:36,866,"-74,82E-3",10E-6,"5,64E-3",10E-6,710E-3,10E-6
146,16-11-2021,16:14:46,866,"-74,82E-3",10E-6,"5,64E-3",10E-6,710E-3,10E-6
147,16-11-2021,16:14:56,866,"-74,82E-3",10E-6,"5,64E-3",10E-6,720E-3,10E-6
148,16-11-2021,16:15:06,866,"-74,82E-3",10E-6,"5,64E-3",10E-6,720E-3,10E-6
149,16-11-2021,16:15:16,866,"-74,82E-3",10E-6,"5,64E-3",10E-6,720E-3,10E-6
150,16-11-2021,16:15:26,866,"-74,82E-3",10E-6,"5,64E-3",10E-6,730E-3,10E-6
151,16-11-2021,16:15:36,866,"-74,82E-3",10E-6,"5,64E-3",10E-6,730E-3,10E-6
152,16-11-2021,16:15:46,866,"-74,82E-3",10E-6,"5,64E-3",10E-6,730E-3,10E-6
153,16-11-2021,16:15:56,866,"-74,82E-3",10E-6,"5,64E-3",10E-6,740E-3,10E-6
154,16-11-2021,16:16:06,866,"-74,82E-3",10E-6,"5,64E-3",10E-6,740E-3,10E-6
155,16-11-2021,16:16:16,866,"-74,82E-3",10E-6,"5,64E-3",10E-6,740E-3,10E-6
156,16-11-2021,16:16:26,866,"-74,82E-3",10E-6,"5,64E-3",10E-6,750E-3,10E-6
157,16-11-2021,16:16:36,866,"-74,82E-3",10E-6,"5,64E-3",10E-6,750E-3,10E-6
158,16-11-2021,16:16:46,866,"-74,82E-3",10E-6,"5,64E-3",10E-6,750E-3,10E-6
159,16-11-2021,16:16:56,866,"-74,82E-3",10E-6,"5,64E-3",10E-6,750E-3,10E-6
160,16-11-2021,16:17:06,866,"-74,82E-3",10E-6,"5,64E-3",10E-6,760E-3,10E-6
161,16-11-2021,16:17:16,866,"-74,82E-3",10E-6,"5,64E-3",10E-6,760E-3,10E-6
162,16-11-2021,16:17:26,866,"-74,82E-3",10E-6,"5,64E-3",10E-6,760E-3,10E-6
163,16-11-2021,16:17:36,866,"-74,82E-3",10E-6,"5,64E-3",10E-6,770E-3,10E-6
164,16-11-2021,16:17:46,866,"-74,82E-3",10E-6,"5,64E-3",10E-6,770E-3,10E-6
165,16-11-2021,16:17:56,866,"-74,82E-3",10E-6,"5,64E-3",10E-6,770E-3,10E-6
166,16-11-2021,16:18:06,866,"-74,82E-3",10E-6,"5,64E-3",10E-6,780E-3,10E-6
167,16-11-2021,16:18:16,866,"-74,82E-3",10E-6,"5,64E-3",10E-6,780E-3,10E-6
168,16-11-2021,16:18:26,866,"-74,82E-3",10E-6,"5,64E-3",10E-6,780E-3,10E-6
169,16-11-2021,16:18:36,866,"-74,82E-3",10E-6,"5,64E-3",10E-6,780E-3,10E-6
170,16-11-2021,16:18:46,866,"-74,82E-3",10E-6,"5,64E-3",10E-6,790E-3,10E-6
171,16-11-2021,16:18:56,866,"-74,82E-3",10E-6,"5,64E-3",10E-6,790E-3,10E-6
172,16-11-2021,16:19:06,866,"-74,82E-3",10E-6,"5,64E-3",10E-6,790E-3,10E-6
173,16-11-2021,16:19:16,866,"-74,82E-3",10E-6,"5,64E-3",10E-6,800E-3,10E-6
174,16-11-2021,16:19:26,866,"-74,82E-3",10E-6,"5,64E-3",10E-6,800E-3,10E-6
175,16-11-2021,16:19:36,866,"-74,82E-3",10E-6,"5,64E-3",10E-6,800E-3,10E-6
176,16-11-2021,16:19:46,866,"-74,82E-3",10E-6,"5,64E-3",10E-6,800E-3,10E-6
177,16-11-2021,16:19:56,866,"-74,82E-3",10E-6,"5,64E-3",10E-6,810E-3,10E-6
178,16-11-2021,16:20:06,866,"-74,82E-3",10E-6,"5,64E-3",10E-6,810E-3,10E-6
179,16-11-2021,16:20:16,866,"-74,82E-3",10E-6,"5,64E-3",10E-6,810E-3,10E-6
180,16-11-2021,16:20:26,866,"-74,82E-3",10E-6,"5,64E-3",10E-6,810E-3,10E-6
181,16-11-2021,16:20:36,866,"-74,82E-3",10E-6,"5,64E-3",10E-6,820E-3,10E-6
182,16-11-2021,16:20:46,866,"-74,82E-3",10E-6,"5,64E-3",10E-6,820E-3,10E-6
183,16-11-2021,16:20:56,866,"-74,82E-3",10E-6,"5,64E-3",10E-6,820E-3,10E-6
184,16-11-2021,16:21:06,866,"-74,82E-3",10E-6,"5,64E-3",10E-6,830E-3,10E-6
185,16-11-2021,16:21:16,866,"-74,82E-3",10E-6,"5,64E-3",10E-6,830E-3,10E-6
186,16-11-2021,16:21:26,866,"-74,82E-3",10E-6,"5,64E-3",10E-6,830E-3,10E-6
187,16-11-2021,16:21:36,866,"-74,82E-3",10E-6,"5,64E-3",10E-6,830E-3,10E-6
188,16-11-2021,16:21:46,866,"-74,82E-3",10E-6,"5,64E-3",10E-6,830E-3,10E-6
189,16-11-2021,16:21:56,866,"-74,82E-3",10E-6,"5,64E-3",10E-6,840E-3,10E-6
190,16-11-2021,16:22:06,866,"-74,82E-3",10E-6,"5,64E-3",10E-6,840E-3,10E-6
191,16-11-2021,16:22:16,866,"-74,82E-3",10E-6,"5,64E-3",10E-6,840E-3,10E-6
192,16-11-2021,16:22:26,866,"-74,82E-3",10E-6,"5,64E-3",10E-6,850E-3,10E-6
193,16-11-2021,16:22:36,866,"-74,82E-3",10E-6,"5,64E-3",10E-6,850E-3,10E-6
194,16-11-2021,16:22:46,866,"-74,82E-3",10E-6,"5,64E-3",10E-6,850E-3,10E-6
195,16-11-2021,16:22:56,866,"-74,82E-3",10E-6,"5,64E-3",10E-6,850E-3,10E-6
196,16-11-2021,16:23:06,866,"-74,82E-3",10E-6,"5,64E-3",10E-6,850E-3,10E-6
197,16-11-2021,16:23:16,866,"-74,82E-3",10E-6,"5,64E-3",10E-6,860E-3,10E-6
198,16-11-2021,16:23:26,866,"-74,82E-3",10E-6,"5,64E-3",10E-6,860E-3,10E-6
199,16-11-2021,16:23:36,866,"-74,82E-3",10E-6,"5,64E-3",10E-6,860E-3,10E-6
200,16-11-2021,16:23:46,866,"-74,82E-3",10E-6,"5,64E-3",10E-6,860E-3,10E-6
201,16-11-2021,16:23:56,866,"-74,82E-3",10E-6,"5,64E-3",10E-6,870E-3,10E-6
202,16-11-2021,16:24:06,866,"-74,82E-3",10E-6,"5,64E-3",10E-6,870E-3,10E-6
203,16-11-2021,16:24:16,866,"-74,82E-3",10E-6,"5,64E-3",10E-6,870E-3,10E-6
204,16-11-2021,16:24:26,866,"-74,82E-3",10E-6,"5,64E-3",10E-6,870E-3,10E-6
205,16-11-2021,16:24:36,866,"-74,82E-3",10E-6,"5,64E-3",10E-6,880E-3,10E-6
206,16-11-2021,16:24:46,866,"-74,82E-3",10E-6,"5,64E-3",10E-6,880E-3,10E-6
207,16-11-2021,16:24:56,866,"-74,82E-3",10E-6,"5,64E-3",10E-6,880E-3,10E-6
208,16-11-2021,16:25:06,866,"-74,82E-3",10E-6,"5,64E-3",10E-6,880E-3,10E-6
209,16-11-2021,16:25:16,866,"-74,82E-3",10E-6,"5,64E-3",10E-6,890E-3,10E-6
210,16-11-2021,16:25:26,866,"-74,82E-3",10E-6,"5,64E-3",10E-6,890E-3,10E-6
211,16-11-2021,16:25:36,866,"-74,82E-3",10E-6,"5,64E-3",10E-6,890E-3,10E-6
212,16-11-2021,16:25:46,866,"-74,82E-3",10E-6,"5,64E-3",10E-6,890E-3,10E-6
213,16-11-2021,16:25:56,866,"-74,82E-3",10E-6,"5,64E-3",10E-6,900E-3,10E-6
214,16-11-2021,16:26:06,866,"-74,82E-3",10E-6,"5,64E-3",10E-6,900E-3,10E-6
215,16-11-2021,16:26:16,866,"-74,82E-3",10E-6,"5,64E-3",10E-6,900E-3,10E-6
216,16-11-2021,16:26:26,866,"-74,82E-3",10E-6,"5,64E-3",10E-6,900E-3,10E-6
217,16-11-2021,16:26:36,866,"-74,82E-3",10E-6,"5,64E-3",10E-6,900E-3,10E-6
218,16-11-2021,16:26:46,866,"-74,82E-3",10E-6,"5,64E-3",10E-6,910E-3,10E-6
219,16-11-2021,16:26:56,866,"-74,82E-3",10E-6,"5,64E-3",10E-6,910E-3,10E-6
220,16-11-2021,16:27:06,866,"-74,82E-3",10E-6,"5,64E-3",10E-6,910E-3,10E-6
221,16-11-2021,16:27:16,866,"-74,82E-3",10E-6,"5,64E-3",10E-6,910E-3,10E-6
222,16-11-2021,16:27:26,866,"-74,82E-3",10E-6,"5,64E-3",10E-6,910E-3,10E-6
223,16-11-2021,16:27:36,866,"-74,82E-3",10E-6,"5,64E-3",10E-6,920E-3,10E-6
224,16-11-2021,16:27:46,866,"-74,82E-3",10E-6,"5,64E-3",10E-6,920E-3,10E-6
225,16-11-2021,16:27:56,866,"-74,82E-3",10E-6,"5,64E-3",10E-6,920E-3,10E-6
226,16-11-2021,16:28:06,866,"-74,82E-3",10E-6,"5,64E-3",10E-6,920E-3,10E-6
227,16-11-2021,16:28:16,866,"-74,82E-3",10E-6,"5,64E-3",10E-6,930E-3,10E-6
228,16-11-2021,16:28:26,866,"-74,82E-3",10E-6,"5,64E-3",10E-6,930E-3,10E-6
229,16-11-2021,16:28:36,866,"-74,82E-3",10E-6,"5,64E-3",10E-6,930E-3,10E-6
230,16-11-2021,16:28:46,866,"-74,82E-3",10E-6,"5,64E-3",10E-6,930E-3,10E-6
231,16-11-2021,16:28:56,866,"-74,82E-3",10E-6,"5,64E-3",10E-6,930E-3,10E-6
232,16-11-2021,16:29:06,866,"-74,82E-3",10E-6,"5,64E-3",10E-6,940E-3,10E-6
233,16-11-2021,16:29:16,866,"-74,82E-3",10E-6,"5,64E-3",10E-6,940E-3,10E-6
234,16-11-2021,16:29:26,866,"-74,82E-3",10E-6,"5,64E-3",10E-6,940E-3,10E-6
235,16-11-2021,16:29:36,866,"-74,82E-3",10E-6,"5,64E-3",10E-6,940E-3,10E-6
236,16-11-2021,16:29:46,866,"-74,82E-3",10E-6,"5,64E-3",10E-6,940E-3,10E-6
237,16-11-2021,16:29:56,866,"-74,82E-3",10E-6,"5,64E-3",10E-6,950E-3,10E-6
238,16-11-2021,16:30:06,866,"-74,82E-3",10E-6,"5,64E-3",10E-6,950E-3,10E-6
239,16-11-2021,16:30:16,866,"-74,82E-3",10E-6,"5,64E-3",10E-6,950E-3,10E-6
240,16-11-2021,16:30:26,866,"-74,82E-3",10E-6,"5,64E-3",10E-6,950E-3,10E-6
241,16-11-2021,16:30:36,866,"-74,82E-3",10E-6,"5,64E-3",10E-6,950E-3,10E-6
242,16-11-2021,16:30:46,866,"-74,82E-3",10E-6,"5,64E-3",10E-6,960E-3,10E-6
243,16-11-2021,16:30:56,866,"-74,82E-3",10E-6,"5,64E-3",10E-6,960E-3,10E-6
244,16-11-2021,16:31:06,866,"-74,82E-3",10E-6,"5,64E-3",10E-6,960E-3,10E-6
245,16-11-2021,16:31:16,866,"-74,82E-3",10E-6,"5,64E-3",10E-6,960E-3,10E-6
246,16-11-2021,16:31:26,866,"-74,82E-3",10E-6,"5,64E-3",10E-6,960E-3,10E-6
247,16-11-2021,16:31:36,866,"-74,82E-3",10E-6,"5,64E-3",10E-6,970E-3,10E-6
248,16-11-2021,16:31:46,866,"-74,82E-3",10E-6,"5,64E-3",10E-6,970E-3,10E-6
249,16-11-2021,16:31:56,866,"-74,82E-3",10E-6,"5,64E-3",10E-6,970E-3,10E-6
250,16-11-2021,16:32:06,866,"-74,82E-3",10E-6,"5,64E-3",10E-6,970E-3,10E-6
251,16-11-2021,16:32:16,866,"-74,82E-3",10E-6,"5,64E-3",10E-6,970E-3,10E-6
252,16-11-2021,16:32:26,866,"-74,82E-3",10E-6,"5,64E-3",10E-6,980E-3,10E-6
253,16-11-2021,16:32:36,866,"-74,82E-3",10E-6,"5,64E-3",10E-6,980E-3,10E-6
254,16-11-2021,16:32:46,866,"-74,82E-3",10E-6,"5,64E-3",10E-6,980E-3,10E-6
255,16-11-2021,16:32:56,866,"-74,82E-3",10E-6,"5,64E-3",10E-6,980E-3,10E-6
256,16-11-2021,16:33:06,866,"-74,82E-3",10E-6,"5,64E-3",10E-6,980E-3,10E-6
257,16-11-2021,16:33:16,866,"-74,82E-3",10E-6,"5,64E-3",10E-6,990E-3,10E-6
258,16-11-2021,16:33:26,866,"-74,82E-3",10E-6,"5,64E-3",10E-6,990E-3,10E-6
259,16-11-2021,16:33:36,866,"-74,82E-3",10E-6,"5,64E-3",10E-6,990E-3,10E-6
260,16-11-2021,16:33:46,866,"-74,82E-3",10E-6,"5,64E-3",10E-6,990E-3,10E-6
261,16-11-2021,16:33:56,866,"-74,82E-3",10E-6,"5,64E-3",10E-6,990E-3,10E-6
262,16-11-2021,16:34:06,866,"-74,82E-3",10E-6,"5,64E-3",10E-6,1,10E-6
263,16-11-2021,16:34:16,866,"-74,82E-3",10E-6,"-11,45",10E-6,0,10E-6
264,16-11-2021,16:34:26,866,"-1,132",10E-6,"-12,43",10E-6,0,10E-6
265,16-11-2021,16:34:36,866,"-206,9E-3",10E-6,"-9,159",10E-6,0,10E-6
266,16-11-2021,16:34:46,866,-339E-3,10E-6,"-11,45",10E-6,0,10E-6
267,16-11-2021,16:34:56,866,"-999,4E-3",10E-6,"-18,98",10E-6,0,10E-6
268,16-11-2021,16:35:06,866,"-6,283",10E-6,"-20,29",10E-6,0,10E-6
269,16-11-2021,16:35:16,866,"-9,321",10E-6,"-20,94",10E-6,0,10E-6
270,16-11-2021,16:35:26,866,"-9,717",10E-6,"-17,67",10E-6,0,10E-6
271,16-11-2021,16:35:36,866,"-11,83",10E-6,"-21,6",10E-6,0,10E-6
272,16-11-2021,16:35:46,866,"-15,66",10E-6,"-22,58",10E-6,0,10E-6
273,16-11-2021,16:35:56,866,"-17,38",10E-6,"-19,63",10E-6,0,10E-6
274,16-11-2021,16:36:06,866,"-19,23",10E-6,"-21,93",10E-6,0,10E-6
275,16-11-2021,16:36:16,866,"-16,98",10E-6,"-20,94",10E-6,0,10E-6
276,16-11-2021,16:36:26,866,"-20,55",10E-6,"-23,23",10E-6,0,10E-6
277,16-11-2021,16:36:36,866,"-21,74",10E-6,"-22,91",10E-6,0,10E-6
278,16-11-2021,16:36:46,866,"-21,87",10E-6,"-19,63",10E-6,0,10E-6
279,16-11-2021,16:36:56,866,"-22,79",10E-6,"-23,89",10E-6,0,10E-6
280,16-11-2021,16:37:06,866,"-21,08",10E-6,"-24,22",10E-6,0,10E-6
281,16-11-2021,16:37:16,866,"-22,66",10E-6,"-23,56",10E-6,0,10E-6
282,16-11-2021,16:37:26,866,"-22,93",10E-6,"-24,54",10E-6,0,10E-6
283,16-11-2021,16:37:36,866,"-21,08",10E-6,"-22,25",10E-6,0,10E-6
284,16-11-2021,16:37:46,866,"-20,55",10E-6,"-25,2",10E-6,0,10E-6
285,16-11-2021,16:37:56,866,-15,10E-6,"-22,91",10E-6,0,10E-6
286,16-11-2021,16:38:06,866,"-9,321",10E-6,"-18,98",10E-6,0,10E-6
287,16-11-2021,16:38:16,866,"-4,434",10E-6,"-20,29",10E-6,0,10E-6
288,16-11-2021,16:38:26,866,"4,284",10E-6,"-321,7E-3",10E-6,0,10E-6
289,16-11-2021,16:38:36,866,"6,397",10E-6,"18,66",10E-6,0,10E-6
290,16-11-2021,16:38:46,866,"9,039",10E-6,"35,36",10E-6,0,10E-6
291,16-11-2021,16:38:56,866,"13,79",10E-6,"50,74",10E-6,0,10E-6
292,16-11-2021,16:39:06,866,"17,1",10E-6,"65,47",10E-6,0,10E-6
293,16-11-2021,16:39:16,866,"20,8",10E-6,"80,85",10E-6,0,10E-6
294,16-11-2021,16:39:26,866,"21,72",10E-6,"93,95",10E-6,0,10E-6
295,16-11-2021,16:39:36,866,"22,38",10E-6,"104,7",10E-6,0,10E-6
296,16-11-2021,16:39:46,866,"28,85",10E-6,"115,2",10E-6,0,10E-6
297,16-11-2021,16:39:56,866,"31,1",10E-6,125,10E-6,0,10E-6
298,16-11-2021,16:40:06,866,"28,72",10E-6,"132,6",10E-6,0,10E-6
299,16-11-2021,16:40:16,866,"30,57",10E-6,"137,8",10E-6,0,10E-6
300,16-11-2021,16:40:26,866,"30,97",10E-6,"143,4",10E-6,0,10E-6
301,16-11-2021,16:40:36,866,"37,44",10E-6,"149,6",10E-6,0,10E-6
302,16-11-2021,16:40:46,866,"33,74",10E-6,"143,7",10E-6,0,10E-6
303,16-11-2021,16:40:56,866,"28,32",10E-6,126,10E-6,0,10E-6
304,16-11-2021,16:41:06,866,"28,98",10E-6,"111,6",10E-6,0,10E-6
305,16-11-2021,16:41:16,866,"26,87",10E-6,"98,53",10E-6,0,10E-6
306,16-11-2021,16:41:26,866,"24,49",10E-6,"87,07",10E-6,0,10E-6
307,16-11-2021,16:41:36,866,"20,93",10E-6,"75,29",10E-6,0,10E-6
308,16-11-2021,16:41:46,866,"17,62",10E-6,"65,8",10E-6,0,10E-6
309,16-11-2021,16:41:56,866,"17,62",10E-6,"48,78",10E-6,0,10E-6
310,16-11-2021,16:42:06,866,"12,34",10E-6,"26,52",10E-6,0,10E-6
311,16-11-2021,16:42:16,866,"4,812",10E-6,"6,552",10E-6,0,10E-6
312,16-11-2021,16:42:26,866,"717,7E-3",10E-6,"-10,8",10E-6,0,10E-6
313,16-11-2021,16:42:36,866,"-3,113",10E-6,-18,10E-6,0,10E-6
314,16-11-2021,16:42:46,866,"-2,452",10E-6,"-17,34",10E-6,0,10E-6
315,16-11-2021,16:42:56,866,"-8,528",10E-6,"-20,62",10E-6,0,10E-6
316,16-11-2021,16:43:06,866,"-11,7",10E-6,"-21,93",10E-6,0,10E-6
317,16-11-2021,16:43:16,866,"-12,76",10E-6,"-17,67",10E-6,0,10E-6
318,16-11-2021,16:43:26,866,"-14,6",10E-6,"-21,27",10E-6,0,10E-6
319,16-11-2021,16:43:36,866,"-15,66",10E-6,"-22,91",10E-6,0,10E-6
320,16-11-2021,16:43:46,866,"-18,57",10E-6,"-23,23",10E-6,0,10E-6
321,16-11-2021,16:43:56,866,"-19,76",10E-6,"-24,22",10E-6,0,10E-6
322,16-11-2021,16:44:06,866,"-18,17",10E-6,"-20,94",10E-6,0,10E-6
323,16-11-2021,16:44:16,866,"-19,36",10E-6,"-25,2",10E-6,0,10E-6
324,16-11-2021,16:44:26,866,"-21,74",10E-6,"-25,85",10E-6,0,10E-6
325,16-11-2021,16:44:36,866,"-22,13",10E-6,"-22,25",10E-6,0,10E-6
326,16-11-2021,16:44:46,866,"-22,79",10E-6,"-24,87",10E-6,0,10E-6
327,16-11-2021,16:44:56,866,"-13,55",10E-6,"-22,25",10E-6,0,10E-6
328,16-11-2021,16:45:06,866,"-10,77",10E-6,"-22,25",10E-6,0,10E-6
329,16-11-2021,16:45:16,866,"-6,151",10E-6,"-19,96",10E-6,0,10E-6
330,16-11-2021,16:45:26,866,"-999,4E-3",10E-6,"-13,09",10E-6,0,10E-6
331,16-11-2021,16:45:36,866,"2,699",10E-6,"1,315",10E-6,0,10E-6
332,16-11-2021,16:45:46,866,"7,19",10E-6,"17,03",10E-6,0,10E-6
333,16-11-2021,16:45:56,866,"9,303",10E-6,"30,77",10E-6,0,10E-6
334,16-11-2021,16:46:06,866,"11,15",10E-6,"42,56",10E-6,0,10E-6
335,16-11-2021,16:46:16,866,"16,96",10E-6,"54,01",10E-6,0,10E-6
336,16-11-2021,16:46:26,866,"19,61",10E-6,"63,18",10E-6,0,10E-6
337,16-11-2021,16:46:36,866,"18,68",10E-6,"73,33",10E-6,0,10E-6
338,16-11-2021,16:46:46,866,"21,19",10E-6,"82,16",10E-6,0,10E-6
339,16-11-2021,16:46:56,866,"21,72",10E-6,"89,04",10E-6,0,10E-6
340,16-11-2021,16:47:06,866,"27,53",10E-6,"96,57",10E-6,0,10E-6
341,16-11-2021,16:47:16,866,"26,08",10E-6,"102,8",10E-6,0,10E-6
342,16-11-2021,16:47:26,866,"25,15",10E-6,"108,3",10E-6,0,10E-6
343,16-11-2021,16:47:36,866,"28,85",10E-6,"111,6",10E-6,0,10E-6
344,16-11-2021,16:47:46,866,"28,19",10E-6,"105,4",10E-6,0,10E-6
345,16-11-2021,16:47:56,866,"24,63",10E-6,"89,04",10E-6,0,10E-6
346,16-11-2021,16:48:06,866,"20,66",10E-6,73,10E-6,0,10E-6
347,16-11-2021,16:48:16,866,"17,23",10E-6,"61,54",10E-6,0,10E-6
348,16-11-2021,16:48:26,866,"18,29",10E-6,"51,07",10E-6,0,10E-6
349,16-11-2021,16:48:36,866,"16,04",10E-6,"41,25",10E-6,0,10E-6
350,16-11-2021,16:48:46,866,"11,28",10E-6,"32,74",10E-6,0,10E-6
351,16-11-2021,16:48:56,866,"7,322",10E-6,"15,72",10E-6,0,10E-6
352,16-11-2021,16:49:06,866,"1,642",10E-6,"-8,832",10E-6,0,10E-6
353,16-11-2021,16:49:16,866,"849,8E-3",10E-6,"-16,69",10E-6,0,10E-6
354,16-11-2021,16:49:26,866,"-6,151",10E-6,"-18,65",10E-6,0,10E-6
355,16-11-2021,16:49:36,866,"-10,51",10E-6,"-21,6",10E-6,0,10E-6
356,16-11-2021,16:49:46,866,"-12,76",10E-6,"-18,98",10E-6,0,10E-6
357,16-11-2021,16:49:56,866,"-15,13",10E-6,"-21,6",10E-6,0,10E-6
358,16-11-2021,16:50:06,866,"-17,38",10E-6,"-22,25",10E-6,0,10E-6
359,16-11-2021,16:50:16,866,"-20,68",10E-6,"-22,91",10E-6,0,10E-6
360,16-11-2021,16:50:26,866,"-23,19",10E-6,"-25,53",10E-6,0,10E-6
361,16-11-2021,16:50:36,866,"-21,47",10E-6,"-22,25",10E-6,0,10E-6
362,16-11-2021,16:50:46,866,"-23,32",10E-6,"-24,87",10E-6,0,10E-6
363,16-11-2021,16:50:56,866,"-26,23",10E-6,"-26,83",10E-6,0,10E-6
364,16-11-2021,16:51:06,866,"-27,42",10E-6,"-24,22",10E-6,0,10E-6
365,16-11-2021,16:51:16,866,"-28,08",10E-6,"-26,18",10E-6,0,10E-6
366,16-11-2021,16:51:26,866,"-24,91",10E-6,"-24,54",10E-6,0,10E-6
367,16-11-2021,16:51:36,866,"-28,61",10E-6,"-26,51",10E-6,0,10E-6
368,16-11-2021,16:51:46,866,"-29,53",10E-6,"-27,49",10E-6,0,10E-6
369,16-11-2021,16:51:56,866,"-22,53",10E-6,"-20,94",10E-6,0,10E-6
370,16-11-2021,16:52:06,866,"-17,11",10E-6,"-21,93",10E-6,0,10E-6
371,16-11-2021,16:52:16,866,"-11,04",10E-6,"-21,27",10E-6,0,10E-6
372,16-11-2021,16:52:26,866,"-8,132",10E-6,"-19,63",10E-6,0,10E-6
373,16-11-2021,16:52:36,866,"-3,905",10E-6,-18,10E-6,0,10E-6
374,16-11-2021,16:52:46,866,"2,435",10E-6,"-5,886",10E-6,0,10E-6
375,16-11-2021,16:52:56,866,"5,737",10E-6,"7,534",10E-6,0,10E-6
376,16-11-2021,16:53:06,866,"6,265",10E-6,"19,97",10E-6,0,10E-6
377,16-11-2021,16:53:16,866,"9,568",10E-6,"31,76",10E-6,0,10E-6
378,16-11-2021,16:53:26,866,"11,81",10E-6,"41,25",10E-6,0,10E-6
379,16-11-2021,16:53:36,866,"17,49",10E-6,"49,43",10E-6,0,10E-6
380,16-11-2021,16:53:46,866,"16,44",10E-6,"56,96",10E-6,0,10E-6
381,16-11-2021,16:53:56,866,"17,1",10E-6,"65,8",10E-6,0,10E-6
382,16-11-2021,16:54:06,866,"21,46",10E-6,"73,98",10E-6,0,10E-6
383,16-11-2021,16:54:16,866,"22,91",10E-6,"79,22",10E-6,0,10E-6
384,16-11-2021,16:54:26,866,"22,78",10E-6,"85,11",10E-6,0,10E-6
385,16-11-2021,16:54:36,866,"23,7",10E-6,"91,66",10E-6,0,10E-6
386,16-11-2021,16:54:46,866,"21,85",10E-6,"87,4",10E-6,0,10E-6
387,16-11-2021,16:54:56,866,"22,91",10E-6,"71,69",10E-6,0,10E-6
388,16-11-2021,16:55:06,866,"19,74",10E-6,"58,6",10E-6,0,10E-6
389,16-11-2021,16:55:16,866,"14,72",10E-6,"47,79",10E-6,0,10E-6
390,16-11-2021,16:55:26,866,"13,27",10E-6,"38,63",10E-6,0,10E-6
391,16-11-2021,16:55:36,866,"10,62",10E-6,"29,14",10E-6,0,10E-6
392,16-11-2021,16:55:46,866,"11,81",10E-6,"21,94",10E-6,0,10E-6
393,16-11-2021,16:55:56,866,"5,077",10E-6,"5,243",10E-6,0,10E-6
394,16-11-2021,16:56:06,866,"-471,1E-3",10E-6,"-15,38",10E-6,0,10E-6
395,16-11-2021,16:56:16,866,"-3,641",10E-6,"-16,36",10E-6,0,10E-6
396,16-11-2021,16:56:26,866,"-7,208",10E-6,"-20,62",10E-6,0,10E-6
397,16-11-2021,16:56:36,866,"-11,17",10E-6,"-20,62",10E-6,0,10E-6
398,16-11-2021,16:56:46,866,-15,10E-6,"-20,29",10E-6,0,10E-6
399,16-11-2021,16:56:56,866,"-18,44",10E-6,"-24,22",10E-6,0,10E-6
400,16-11-2021,16:57:06,866,"-17,64",10E-6,"-22,25",10E-6,0,10E-6
401,16-11-2021,16:57:16,866,"-20,68",10E-6,"-24,54",10E-6,0,10E-6
402,16-11-2021,16:57:26,866,"-23,45",10E-6,"-25,2",10E-6,0,10E-6
403,16-11-2021,16:57:36,866,"-25,3",10E-6,"-23,23",10E-6,0,10E-6
404,16-11-2021,16:57:46,866,"-27,02",10E-6,"-26,83",10E-6,0,10E-6
405,16-11-2021,16:57:56,866,"-24,11",10E-6,"-25,2",10E-6,0,10E-6
406,16-11-2021,16:58:06,866,"-27,81",10E-6,"-25,53",10E-6,0,10E-6
407,16-11-2021,16:58:16,866,"-29,13",10E-6,"-27,49",10E-6,0,10E-6
408,16-11-2021,16:58:26,866,"-28,61",10E-6,"-23,56",10E-6,0,10E-6
409,16-11-2021,16:58:36,866,"-28,47",10E-6,"-25,2",10E-6,0,10E-6
410,16-11-2021,16:58:46,866,"-28,74",10E-6,"-25,2",10E-6,0,10E-6
411,16-11-2021,16:58:56,866,"-24,11",10E-6,"-22,91",10E-6,0,10E-6
412,16-11-2021,16:59:06,866,"-18,96",10E-6,"-23,23",10E-6,0,10E-6
413,16-11-2021,16:59:16,866,"-10,51",10E-6,-18,10E-6,0,10E-6
414,16-11-2021,16:59:26,866,"-6,679",10E-6,"-18,98",10E-6,0,10E-6
415,16-11-2021,16:59:36,866,"-3,905",10E-6,"-18,98",10E-6,0,10E-6
416,16-11-2021,16:59:46,866,"-74,82E-3",10E-6,"-8,505",10E-6,0,10E-6
417,16-11-2021,16:59:56,866,"3,624",10E-6,"7,207",10E-6,0,10E-6
418,16-11-2021,17:00:06,866,"9,832",10E-6,"20,63",10E-6,0,10E-6
419,16-11-2021,17:00:16,866,"9,436",10E-6,"29,46",10E-6,0,10E-6
420,16-11-2021,17:00:26,866,"10,89",10E-6,"38,96",10E-6,0,10E-6
421,16-11-2021,17:00:36,866,"16,3",10E-6,"50,09",10E-6,0,10E-6
422,16-11-2021,17:00:46,866,"19,21",10E-6,"58,27",10E-6,0,10E-6
423,16-11-2021,17:00:56,866,"18,15",10E-6,"65,47",10E-6,0,10E-6
424,16-11-2021,17:01:06,866,"19,47",10E-6,"72,67",10E-6,0,10E-6
425,16-11-2021,17:01:16,866,"20,4",10E-6,"80,53",10E-6,0,10E-6
426,16-11-2021,17:01:26,866,"26,34",10E-6,"88,06",10E-6,0,10E-6
427,16-11-2021,17:01:36,866,"24,89",10E-6,"91,98",10E-6,0,10E-6
428,16-11-2021,17:01:46,866,"21,98",10E-6,"88,06",10E-6,0,10E-6
429,16-11-2021,17:01:56,866,"21,59",10E-6,"74,31",10E-6,0,10E-6
430,16-11-2021,17:02:06,866,"18,81",10E-6,"60,56",10E-6,0,10E-6
431,16-11-2021,17:02:16,866,"17,89",10E-6,"51,4",10E-6,0,10E-6
432,16-11-2021,17:02:26,866,"13,53",10E-6,"40,92",10E-6,0,10E-6
433,16-11-2021,17:02:36,866,"11,02",10E-6,"33,72",10E-6,0,10E-6
434,16-11-2021,17:02:46,866,"12,34",10E-6,"28,16",10E-6,0,10E-6
435,16-11-2021,17:02:56,866,"8,247",10E-6,"9,171",10E-6,0,10E-6
436,16-11-2021,17:03:06,866,"981,9E-3",10E-6,"-13,41",10E-6,0,10E-6
437,16-11-2021,17:03:16,866,"-3,245",10E-6,"-16,03",10E-6,0,10E-6
438,16-11-2021,17:03:26,866,"-7,472",10E-6,"-19,96",10E-6,0,10E-6
439,16-11-2021,17:03:36,866,"-7,34",10E-6,"-20,62",10E-6,0,10E-6
440,16-11-2021,17:03:46,866,"-13,55",10E-6,"-22,91",10E-6,0,10E-6
441,16-11-2021,17:03:56,866,"-16,45",10E-6,"-23,89",10E-6,0,10E-6
442,16-11-2021,17:04:06,866,"-17,64",10E-6,"-20,29",10E-6,0,10E-6
443,16-11-2021,17:04:16,866,"-20,02",10E-6,"-24,87",10E-6,0,10E-6
444,16-11-2021,17:04:26,866,"-21,21",10E-6,"-25,53",10E-6,0,10E-6
445,16-11-2021,17:04:36,866,"-23,45",10E-6,"-23,89",10E-6,0,10E-6
446,16-11-2021,17:04:46,866,"-25,04",10E-6,"-25,85",10E-6,0,10E-6
447,16-11-2021,17:04:56,866,"-23,85",10E-6,"-23,56",10E-6,0,10E-6
448,16-11-2021,17:05:06,866,"-25,04",10E-6,"-26,18",10E-6,0,10E-6
449,16-11-2021,17:05:16,866,"-27,02",10E-6,"-25,2",10E-6,0,10E-6
450,16-11-2021,17:05:26,866,"-27,42",10E-6,"-21,6",10E-6,0,10E-6
451,16-11-2021,17:05:36,866,"-28,61",10E-6,"-25,53",10E-6,0,10E-6
452,16-11-2021,17:05:46,866,"-25,04",10E-6,"-23,89",10E-6,0,10E-6
453,16-11-2021,17:05:56,866,"-21,47",10E-6,"-22,58",10E-6,0,10E-6
454,16-11-2021,17:06:06,866,"-16,45",10E-6,"-21,6",10E-6,0,10E-6
455,16-11-2021,17:06:16,866,"-10,25",10E-6,"-17,34",10E-6,0,10E-6
456,16-11-2021,17:06:26,866,"-5,226",10E-6,"-19,31",10E-6,0,10E-6
457,16-11-2021,17:06:36,866,"-867,4E-3",10E-6,"-16,03",10E-6,0,10E-6
458,16-11-2021,17:06:46,866,"2,171",10E-6,"5,64E-3",10E-6,0,10E-6
459,16-11-2021,17:06:56,866,"4,812",10E-6,"13,43",10E-6,0,10E-6
460,16-11-2021,17:07:06,866,"11,28",10E-6,"26,85",10E-6,0,10E-6
461,16-11-2021,17:07:16,866,13,10E-6,"37,32",10E-6,0,10E-6
462,16-11-2021,17:07:26,866,"13,4",10E-6,"47,47",10E-6,0,10E-6
463,16-11-2021,17:07:36,866,"16,7",10E-6,"56,31",10E-6,0,10E-6
464,16-11-2021,17:07:46,866,"18,68",10E-6,"64,82",10E-6,0,10E-6
465,16-11-2021,17:07:56,866,"22,38",10E-6,"74,64",10E-6,0,10E-6
466,16-11-2021,17:08:06,866,"22,12",10E-6,"82,49",10E-6,0,10E-6
467,16-11-2021,17:08:16,866,"21,72",10E-6,"88,71",10E-6,0,10E-6
468,16-11-2021,17:08:26,866,"27,27",10E-6,"96,24",10E-6,0,10E-6
469,16-11-2021,17:08:36,866,"28,98",10E-6,"102,5",10E-6,0,10E-6
470,16-11-2021,17:08:46,866,"24,63",10E-6,"98,53",10E-6,0,10E-6
471,16-11-2021,17:08:56,866,"22,38",10E-6,"82,49",10E-6,0,10E-6
472,16-11-2021,17:09:06,866,"19,61",10E-6,"70,05",10E-6,0,10E-6
473,16-11-2021,17:09:16,866,"21,32",10E-6,"59,58",10E-6,0,10E-6
474,16-11-2021,17:09:26,866,"16,04",10E-6,"49,43",10E-6,0,10E-6
475,16-11-2021,17:09:36,866,"12,47",10E-6,"39,28",10E-6,0,10E-6
476,16-11-2021,17:09:46,866,"13,13",10E-6,"33,07",10E-6,0,10E-6
477,16-11-2021,17:09:56,866,"9,7",10E-6,"16,7",10E-6,0,10E-6
478,16-11-2021,17:10:06,866,"3,492",10E-6,"-6,541",10E-6,0,10E-6
479,16-11-2021,17:10:16,866,"-2,056",10E-6,"-17,67",10E-6,0,10E-6
480,16-11-2021,17:10:26,866,"-6,283",10E-6,"-21,6",10E-6,0,10E-6
481,16-11-2021,17:10:36,866,"-6,151",10E-6,"-19,31",10E-6,0,10E-6
482,16-11-2021,17:10:46,866,"-11,04",10E-6,"-21,93",10E-6,0,10E-6
483,16-11-2021,17:10:56,866,-15,10E-6,"-24,54",10E-6,0,10E-6
484,16-11-2021,17:11:06,866,"-17,25",10E-6,"-21,6",10E-6,0,10E-6
485,16-11-2021,17:11:16,866,"-18,96",10E-6,"-23,89",10E-6,0,10E-6
486,16-11-2021,17:11:26,866,"-18,44",10E-6,"-23,89",10E-6,0,10E-6
487,16-11-2021,17:11:36,866,"-22,27",10E-6,"-24,87",10E-6,0,10E-6
488,16-11-2021,17:11:46,866,"-24,11",10E-6,"-26,18",10E-6,0,10E-6
489,16-11-2021,17:11:56,866,"-22,66",10E-6,"-21,27",10E-6,0,10E-6
490,16-11-2021,17:12:06,866,"-23,19",10E-6,"-23,89",10E-6,0,10E-6
491,16-11-2021,17:12:16,866,"-25,96",10E-6,"-25,2",10E-6,0,10E-6
492,16-11-2021,17:12:26,866,"-26,76",10E-6,"-22,58",10E-6,0,10E-6
493,16-11-2021,17:12:36,866,"-27,28",10E-6,"-24,22",10E-6,0,10E-6
494,16-11-2021,17:12:46,866,"-23,72",10E-6,"-21,93",10E-6,0,10E-6
495,16-11-2021,17:12:56,866,"-20,55",10E-6,"-23,23",10E-6,0,10E-6
496,16-11-2021,17:13:06,866,"-15,53",10E-6,"-22,58",10E-6,0,10E-6
497,16-11-2021,17:13:16,866,"-9,453",10E-6,"-16,69",10E-6,0,10E-6
498,16-11-2021,17:13:26,866,"-4,566",10E-6,"-18,32",10E-6,0,10E-6
499,16-11-2021,17:13:36,866,"453,5E-3",10E-6,"-15,38",10E-6,0,10E-6
500,16-11-2021,17:13:46,866,"2,699",10E-6,"1,97",10E-6,0,10E-6
501,16-11-2021,17:13:56,866,"5,737",10E-6,"16,7",10E-6,0,10E-6
502,16-11-2021,17:14:06,866,"12,21",10E-6,"30,12",10E-6,0,10E-6
503,16-11-2021,17:14:16,866,"14,19",10E-6,"38,96",10E-6,0,10E-6
504,16-11-2021,17:14:26,866,"13,93",10E-6,"49,1",10E-6,0,10E-6
505,16-11-2021,17:14:36,866,"17,36",10E-6,"59,91",10E-6,0,10E-6
506,16-11-2021,17:14:46,866,"19,34",10E-6,"69,07",10E-6,0,10E-6
507,16-11-2021,17:14:56,866,"23,57",10E-6,"76,27",10E-6,0,10E-6
508,16-11-2021,17:15:06,866,"22,51",10E-6,"84,46",10E-6,0,10E-6
509,16-11-2021,17:15:16,866,"22,64",10E-6,"92,97",10E-6,0,10E-6
510,16-11-2021,17:15:26,866,"27,93",10E-6,"100,2",10E-6,0,10E-6
511,16-11-2021,17:15:36,866,"29,25",10E-6,"105,4",10E-6,0,10E-6
512,16-11-2021,17:15:46,866,"25,15",10E-6,"100,8",10E-6,0,10E-6
513,16-11-2021,17:15:56,866,"23,17",10E-6,"85,76",10E-6,0,10E-6
514,16-11-2021,17:16:06,866,"19,47",10E-6,"71,69",10E-6,0,10E-6
515,16-11-2021,17:16:16,866,"21,98",10E-6,"61,87",10E-6,0,10E-6
516,16-11-2021,17:16:26,866,"16,7",10E-6,"49,76",10E-6,0,10E-6
517,16-11-2021,17:16:36,866,"13,4",10E-6,"41,9",10E-6,0,10E-6
518,16-11-2021,17:16:46,866,"13,4",10E-6,"34,7",10E-6,0,10E-6
519,16-11-2021,17:16:56,866,"9,171",10E-6,"15,72",10E-6,0,10E-6
520,16-11-2021,17:17:06,866,"4,02",10E-6,"-7,195",10E-6,0,10E-6
521,16-11-2021,17:17:16,866,"-1,396",10E-6,"-17,67",10E-6,0,10E-6
522,16-11-2021,17:17:26,866,"-5,755",10E-6,"-21,27",10E-6,0,10E-6
523,16-11-2021,17:17:36,866,"-6,547",10E-6,"-19,96",10E-6,0,10E-6
524,16-11-2021,17:17:46,866,"-10,91",10E-6,"-23,56",10E-6,0,10E-6
525,16-11-2021,17:17:56,866,"-14,47",10E-6,"-23,89",10E-6,0,10E-6
526,16-11-2021,17:18:06,866,"-16,72",10E-6,"-20,62",10E-6,0,10E-6
527,16-11-2021,17:18:16,866,"-19,49",10E-6,"-24,87",10E-6,0,10E-6
528,16-11-2021,17:18:26,866,"-18,17",10E-6,"-24,22",10E-6,0,10E-6
529,16-11-2021,17:18:36,866,-22,10E-6,"-23,56",10E-6,0,10E-6
530,16-11-2021,17:18:46,866,"-23,59",10E-6,"-24,22",10E-6,0,10E-6
531,16-11-2021,17:18:56,866,"-23,32",10E-6,"-21,27",10E-6,0,10E-6
532,16-11-2021,17:19:06,866,"-23,85",10E-6,"-24,54",10E-6,0,10E-6
533,16-11-2021,17:19:16,866,"-25,44",10E-6,"-23,89",10E-6,0,10E-6
534,16-11-2021,17:19:26,866,"-26,49",10E-6,"-21,93",10E-6,0,10E-6
535,16-11-2021,17:19:36,866,"-27,55",10E-6,"-24,87",10E-6,0,10E-6
536,16-11-2021,17:19:46,866,"-24,38",10E-6,"-22,58",10E-6,0,10E-6
537,16-11-2021,17:19:56,866,"-20,15",10E-6,"-22,25",10E-6,0,10E-6
538,16-11-2021,17:20:06,866,"-15,4",10E-6,"-21,93",10E-6,0,10E-6
539,16-11-2021,17:20:16,866,"-10,25",10E-6,"-18,65",10E-6,0,10E-6
540,16-11-2021,17:20:26,866,"-5,49",10E-6,"-20,29",10E-6,0,10E-6
541,16-11-2021,17:20:36,866,"717,7E-3",10E-6,"-16,03",10E-6,0,10E-6
542,16-11-2021,17:20:46,866,"2,699",10E-6,333E-3,10E-6,0,10E-6
543,16-11-2021,17:20:56,866,"5,077",10E-6,"14,08",10E-6,0,10E-6
544,16-11-2021,17:21:06,866,"11,15",10E-6,"27,17",10E-6,0,10E-6
545,16-11-2021,17:21:16,866,"14,19",10E-6,"37,32",10E-6,0,10E-6
546,16-11-2021,17:21:26,866,"14,06",10E-6,"48,12",10E-6,0,10E-6
547,16-11-2021,17:21:36,866,"16,44",10E-6,"56,63",10E-6,0,10E-6
548,16-11-2021,17:21:46,866,"18,29",10E-6,"65,47",10E-6,0,10E-6
549,16-11-2021,17:21:56,866,"23,7",10E-6,"75,29",10E-6,0,10E-6
550,16-11-2021,17:22:06,866,"22,38",10E-6,"83,15",10E-6,0,10E-6
551,16-11-2021,17:22:16,866,"21,98",10E-6,"90,02",10E-6,0,10E-6
552,16-11-2021,17:22:26,866,27,10E-6,"96,57",10E-6,0,10E-6
553,16-11-2021,17:22:36,866,"29,25",10E-6,"102,8",10E-6,0,10E-6
554,16-11-2021,17:22:46,866,"25,15",10E-6,"98,86",10E-6,0,10E-6
555,16-11-2021,17:22:56,866,"22,51",10E-6,"82,16",10E-6,0,10E-6
556,16-11-2021,17:23:06,866,"19,47",10E-6,"69,73",10E-6,0,10E-6
557,16-11-2021,17:23:16,866,"21,32",10E-6,"58,92",10E-6,0,10E-6
558,16-11-2021,17:23:26,866,"16,3",10E-6,"47,47",10E-6,0,10E-6
559,16-11-2021,17:23:36,866,"12,47",10E-6,"37,32",10E-6,0,10E-6
560,16-11-2021,17:23:46,866,"12,47",10E-6,"29,79",10E-6,0,10E-6
561,16-11-2021,17:23:56,866,"8,907",10E-6,"13,1",10E-6,0,10E-6
562,16-11-2021,17:24:06,866,"3,624",10E-6,"-9,487",10E-6,0,10E-6
563,16-11-2021,17:24:16,866,"-2,32",10E-6,"-18,98",10E-6,0,10E-6
564,16-11-2021,17:24:26,866,"-6,811",10E-6,"-22,58",10E-6,0,10E-6
565,16-11-2021,17:24:36,866,"-6,811",10E-6,"-19,63",10E-6,0,10E-6
566,16-11-2021,17:24:46,866,"-11,3",10E-6,"-22,58",10E-6,0,10E-6
567,16-11-2021,17:24:56,866,"-15,4",10E-6,"-24,54",10E-6,0,10E-6
568,16-11-2021,17:25:06,866,"-17,77",10E-6,"-21,6",10E-6,0,10E-6
569,16-11-2021,17:25:16,866,"-19,62",10E-6,"-23,23",10E-6,0,10E-6
570,16-11-2021,17:25:26,866,"-18,83",10E-6,"-22,58",10E-6,0,10E-6
571,16-11-2021,17:25:36,866,"-22,93",10E-6,"-23,56",10E-6,0,10E-6
572,16-11-2021,17:25:46,866,"-24,78",10E-6,"-25,2",10E-6,0,10E-6
573,16-11-2021,17:25:56,866,"-23,45",10E-6,"-20,62",10E-6,0,10E-6
574,16-11-2021,17:26:06,866,"-23,85",10E-6,"-23,56",10E-6,0,10E-6
575,16-11-2021,17:26:16,866,"-26,49",10E-6,"-25,2",10E-6,0,10E-6
576,16-11-2021,17:26:26,866,"-27,55",10E-6,"-22,91",10E-6,0,10E-6
577,16-11-2021,17:26:36,866,"-27,81",10E-6,"-24,54",10E-6,0,10E-6
578,16-11-2021,17:26:46,866,"-24,51",10E-6,"-22,25",10E-6,0,10E-6
579,16-11-2021,17:26:56,866,"-21,47",10E-6,"-24,22",10E-6,0,10E-6
580,16-11-2021,17:27:06,866,"-16,45",10E-6,"-23,89",10E-6,0,10E-6
581,16-11-2021,17:27:16,866,"-10,25",10E-6,"-18,32",10E-6,0,10E-6
582,16-11-2021,17:27:26,866,"-5,358",10E-6,"-19,96",10E-6,0,10E-6
583,16-11-2021,17:27:36,866,"-735,3E-3",10E-6,"-18,32",10E-6,0,10E-6
584,16-11-2021,17:27:46,866,"1,774",10E-6,"-3,595",10E-6,0,10E-6
585,16-11-2021,17:27:56,866,"5,209",10E-6,"12,44",10E-6,0,10E-6
586,16-11-2021,17:28:06,866,"11,42",10E-6,"25,86",10E-6,0,10E-6
587,16-11-2021,17:28:16,866,"12,74",10E-6,"34,37",10E-6,0,10E-6
588,16-11-2021,17:28:26,866,13,10E-6,"44,52",10E-6,0,10E-6
589,16-11-2021,17:28:36,866,"16,83",10E-6,"55,65",10E-6,0,10E-6
590,16-11-2021,17:28:46,866,"19,21",10E-6,"64,82",10E-6,0,10E-6
591,16-11-2021,17:28:56,866,"21,72",10E-6,"72,67",10E-6,0,10E-6
592,16-11-2021,17:29:06,866,"21,32",10E-6,"79,87",10E-6,0,10E-6
593,16-11-2021,17:29:16,866,"21,85",10E-6,"88,06",10E-6,0,10E-6
594,16-11-2021,17:29:26,866,"27,27",10E-6,"95,58",10E-6,0,10E-6
595,16-11-2021,17:29:36,866,"28,06",10E-6,"99,51",10E-6,0,10E-6
596,16-11-2021,17:29:46,866,"23,83",10E-6,"95,26",10E-6,0,10E-6
597,16-11-2021,17:29:56,866,"22,38",10E-6,"80,53",10E-6,0,10E-6
598,16-11-2021,17:30:06,866,"19,34",10E-6,"65,8",10E-6,0,10E-6
599,16-11-2021,17:30:16,866,"20,66",10E-6,"55,65",10E-6,0,10E-6
600,16-11-2021,17:30:26,866,"15,12",10E-6,"43,87",10E-6,0,10E-6
601,16-11-2021,17:30:36,866,"12,34",10E-6,"35,68",10E-6,0,10E-6
602,16-11-2021,17:30:46,866,"13,27",10E-6,"29,46",10E-6,0,10E-6
603,16-11-2021,17:30:56,866,"9,303",10E-6,"10,15",10E-6,0,10E-6
604,16-11-2021,17:31:06,866,"2,039",10E-6,"-13,09",10E-6,0,10E-6
605,16-11-2021,17:31:16,866,"-2,32",10E-6,"-17,67",10E-6,0,10E-6
606,16-11-2021,17:31:26,866,"-6,547",10E-6,"-21,27",10E-6,0,10E-6
607,16-11-2021,17:31:36,866,"-6,679",10E-6,"-21,6",10E-6,0,10E-6
608,16-11-2021,17:31:46,866,"-12,89",10E-6,"-23,23",10E-6,0,10E-6
609,16-11-2021,17:31:56,866,"-15,66",10E-6,"-22,91",10E-6,0,10E-6
610,16-11-2021,17:32:06,866,"-16,72",10E-6,"-18,98",10E-6,0,10E-6
611,16-11-2021,17:32:16,866,"-19,23",10E-6,"-23,56",10E-6,0,10E-6
612,16-11-2021,17:32:26,866,"-20,94",10E-6,"-24,22",10E-6,0,10E-6
613,16-11-2021,17:32:36,866,"-22,93",10E-6,"-21,93",10E-6,0,10E-6
614,16-11-2021,17:32:46,866,"-24,64",10E-6,"-23,56",10E-6,0,10E-6
615,16-11-2021,17:32:56,866,"-22,79",10E-6,"-21,93",10E-6,0,10E-6
616,16-11-2021,17:33:06,866,"-25,3",10E-6,"-24,87",10E-6,0,10E-6
617,16-11-2021,17:33:16,866,"-26,76",10E-6,"-24,54",10E-6,0,10E-6
618,16-11-2021,17:33:26,866,"-27,15",10E-6,"-21,27",10E-6,0,10E-6
619,16-11-2021,17:33:36,866,"-28,08",10E-6,"-25,53",10E-6,0,10E-6
620,16-11-2021,17:33:46,866,"-25,83",10E-6,"-25,53",10E-6,0,10E-6
621,16-11-2021,17:33:56,866,"-21,74",10E-6,"-23,56",10E-6,0,10E-6
622,16-11-2021,17:34:06,866,"-16,45",10E-6,"-23,56",10E-6,0,10E-6
623,16-11-2021,17:34:16,866,"-9,453",10E-6,"-19,63",10E-6,0,10E-6
624,16-11-2021,17:34:26,866,"-4,434",10E-6,"-21,6",10E-6,0,10E-6
625,16-11-2021,17:34:36,866,"-1,396",10E-6,"-18,32",10E-6,0,10E-6
626,16-11-2021,17:34:46,866,"2,303",10E-6,"-1,631",10E-6,0,10E-6
627,16-11-2021,17:34:56,866,"5,341",10E-6,"11,46",10E-6,0,10E-6
628,16-11-2021,17:35:06,866,"11,68",10E-6,"24,55",10E-6,0,10E-6
629,16-11-2021,17:35:16,866,"11,68",10E-6,"36,01",10E-6,0,10E-6
630,16-11-2021,17:35:26,866,13,10E-6,"46,49",10E-6,0,10E-6
631,16-11-2021,17:35:36,866,"18,15",10E-6,"56,31",10E-6,0,10E-6
632,16-11-2021,17:35:46,866,"20,8",10E-6,"64,16",10E-6,0,10E-6
633,16-11-2021,17:35:56,866,"19,87",10E-6,"73,65",10E-6,0,10E-6
634,16-11-2021,17:36:06,866,"21,72",10E-6,"81,84",10E-6,0,10E-6
635,16-11-2021,17:36:16,866,"22,25",10E-6,"87,4",10E-6,0,10E-6
636,16-11-2021,17:36:26,866,"28,06",10E-6,"94,6",10E-6,0,10E-6
637,16-11-2021,17:36:36,866,"26,34",10E-6,"100,5",10E-6,0,10E-6
638,16-11-2021,17:36:46,866,"23,83",10E-6,"95,91",10E-6,0,10E-6
639,16-11-2021,17:36:56,866,"23,97",10E-6,"79,22",10E-6,0,10E-6
640,16-11-2021,17:37:06,866,"21,98",10E-6,"66,45",10E-6,0,10E-6
641,16-11-2021,17:37:16,866,"17,89",10E-6,55,10E-6,0,10E-6
642,16-11-2021,17:37:26,866,"15,38",10E-6,"45,18",10E-6,0,10E-6
643,16-11-2021,17:37:36,866,"12,47",10E-6,"35,03",10E-6,0,10E-6
644,16-11-2021,17:37:46,866,"14,19",10E-6,"28,16",10E-6,0,10E-6
645,16-11-2021,17:37:56,866,"8,379",10E-6,"11,46",10E-6,0,10E-6
646,16-11-2021,17:38:06,866,"2,303",10E-6,"-11,45",10E-6,0,10E-6
647,16-11-2021,17:38:16,866,"-1,792",10E-6,"-17,34",10E-6,0,10E-6
648,16-11-2021,17:38:26,866,"-5,755",10E-6,"-21,27",10E-6,0,10E-6
649,16-11-2021,17:38:36,866,"-8,264",10E-6,"-20,94",10E-6,0,10E-6
650,16-11-2021,17:38:46,866,"-12,49",10E-6,"-20,29",10E-6,0,10E-6
651,16-11-2021,17:38:56,866,"-16,06",10E-6,"-22,91",10E-6,0,10E-6
652,16-11-2021,17:39:06,866,"-15,4",10E-6,"-20,62",10E-6,0,10E-6
653,16-11-2021,17:39:16,866,"-18,3",10E-6,"-22,25",10E-6,0,10E-6
654,16-11-2021,17:39:26,866,"-21,21",10E-6,"-22,91",10E-6,0,10E-6
655,16-11-2021,17:39:36,866,"-22,93",10E-6,"-20,94",10E-6,0,10E-6
656,16-11-2021,17:39:46,866,"-24,51",10E-6,"-24,22",10E-6,0,10E-6
657,16-11-2021,17:39:56,866,"-22,53",10E-6,"-22,91",10E-6,0,10E-6
658,16-11-2021,17:40:06,866,"-25,7",10E-6,"-23,23",10E-6,0,10E-6
659,16-11-2021,17:40:16,866,"-27,15",10E-6,"-26,18",10E-6,0,10E-6
660,16-11-2021,17:40:26,866,"-25,83",10E-6,"-23,23",10E-6,0,10E-6
661,16-11-2021,17:40:36,866,"-25,44",10E-6,"-25,53",10E-6,0,10E-6
662,16-11-2021,17:40:46,866,"-27,28",10E-6,"-25,85",10E-6,0,10E-6
663,16-11-2021,17:40:56,866,"-21,74",10E-6,"-22,91",10E-6,0,10E-6
664,16-11-2021,17:41:06,866,"-16,59",10E-6,"-24,22",10E-6,0,10E-6
665,16-11-2021,17:41:16,866,"-7,208",10E-6,"-20,62",10E-6,0,10E-6
666,16-11-2021,17:41:26,866,"-5,49",10E-6,"-20,29",10E-6,0,10E-6
667,16-11-2021,17:41:36,866,"-1,924",10E-6,"-18,98",10E-6,0,10E-6
668,16-11-2021,17:41:46,866,"3,359",10E-6,"-321,7E-3",10E-6,0,10E-6
669,16-11-2021,17:41:56,866,"7,85",10E-6,"14,41",10E-6,0,10E-6
670,16-11-2021,17:42:06,866,"9,303",10E-6,"26,85",10E-6,0,10E-6
671,16-11-2021,17:42:16,866,"11,42",10E-6,"36,99",10E-6,0,10E-6
672,16-11-2021,17:42:26,866,"13,27",10E-6,"46,81",10E-6,0,10E-6
673,16-11-2021,17:42:36,866,20,10E-6,"58,27",10E-6,0,10E-6
674,16-11-2021,17:42:46,866,"19,47",10E-6,"66,78",10E-6,0,10E-6
675,16-11-2021,17:42:56,866,"18,95",10E-6,"73,98",10E-6,0,10E-6
676,16-11-2021,17:43:06,866,"23,3",10E-6,"81,51",10E-6,0,10E-6
677,16-11-2021,17:43:16,866,"25,81",10E-6,"89,37",10E-6,0,10E-6
678,16-11-2021,17:43:26,866,"25,15",10E-6,"95,58",10E-6,0,10E-6
679,16-11-2021,17:43:36,866,"25,68",10E-6,"100,2",10E-6,0,10E-6
680,16-11-2021,17:43:46,866,"23,97",10E-6,"95,26",10E-6,0,10E-6
681,16-11-2021,17:43:56,866,"26,34",10E-6,"81,18",10E-6,0,10E-6
682,16-11-2021,17:44:06,866,"20,66",10E-6,"65,8",10E-6,0,10E-6
683,16-11-2021,17:44:16,866,"16,96",10E-6,"55,65",10E-6,0,10E-6
684,16-11-2021,17:44:26,866,"16,7",10E-6,"45,18",10E-6,0,10E-6
685,16-11-2021,17:44:36,866,"15,25",10E-6,"36,67",10E-6,0,10E-6
686,16-11-2021,17:44:46,866,"12,21",10E-6,"29,14",10E-6,0,10E-6
687,16-11-2021,17:44:56,866,"7,454",10E-6,"11,79",10E-6,0,10E-6
688,16-11-2021,17:45:06,866,"1,906",10E-6,"-11,45",10E-6,0,10E-6
689,16-11-2021,17:45:16,866,"981,9E-3",10E-6,"-16,36",10E-6,0,10E-6
690,16-11-2021,17:45:26,866,"-5,094",10E-6,"-19,63",10E-6,0,10E-6
691,16-11-2021,17:45:36,866,"-9,717",10E-6,"-21,6",10E-6,0,10E-6
692,16-11-2021,17:45:46,866,"-12,09",10E-6,"-18,98",10E-6,0,10E-6
693,16-11-2021,17:45:56,866,"-14,34",10E-6,"-21,27",10E-6,0,10E-6
694,16-11-2021,17:46:06,866,"-16,19",10E-6,"-21,6",10E-6,0,10E-6
695,16-11-2021,17:46:16,866,"-19,62",10E-6,"-21,93",10E-6,0,10E-6
696,16-11-2021,17:46:26,866,"-21,87",10E-6,"-24,22",10E-6,0,10E-6
697,16-11-2021,17:46:36,866,"-20,02",10E-6,"-20,62",10E-6,0,10E-6
698,16-11-2021,17:46:46,866,"-22,79",10E-6,"-23,56",10E-6,0,10E-6
699,16-11-2021,17:46:56,866,"-25,17",10E-6,"-25,85",10E-6,0,10E-6
700,16-11-2021,17:47:06,866,"-25,83",10E-6,"-22,58",10E-6,0,10E-6
701,16-11-2021,17:47:16,866,"-26,36",10E-6,"-25,2",10E-6,0,10E-6
702,16-11-2021,17:47:26,866,"-25,04",10E-6,"-25,2",10E-6,0,10E-6
703,16-11-2021,17:47:36,866,"-27,55",10E-6,"-25,85",10E-6,0,10E-6
704,16-11-2021,17:47:46,866,"-28,21",10E-6,"-27,49",10E-6,0,10E-6
705,16-11-2021,17:47:56,866,"-19,23",10E-6,"-21,6",10E-6,0,10E-6
706,16-11-2021,17:48:06,866,"-13,81",10E-6,"-22,91",10E-6,0,10E-6
707,16-11-2021,17:48:16,866,"-10,77",10E-6,"-23,23",10E-6,0,10E-6
708,16-11-2021,17:48:26,866,"-6,019",10E-6,"-18,32",10E-6,0,10E-6
709,16-11-2021,17:48:36,866,"-1,396",10E-6,"-16,69",10E-6,0,10E-6
710,16-11-2021,17:48:46,866,"5,209",10E-6,"5,64E-3",10E-6,0,10E-6
711,16-11-2021,17:48:56,866,"5,737",10E-6,"14,41",10E-6,0,10E-6
712,16-11-2021,17:49:06,866,"7,85",10E-6,"26,19",10E-6,0,10E-6
713,16-11-2021,17:49:16,866,"14,19",10E-6,"39,28",10E-6,0,10E-6
714,16-11-2021,17:49:26,866,"16,83",10E-6,"48,45",10E-6,0,10E-6
715,16-11-2021,17:49:36,866,"15,91",10E-6,"56,63",10E-6,0,10E-6
716,16-11-2021,17:49:46,866,"18,55",10E-6,"65,47",10E-6,0,10E-6
717,16-11-2021,17:49:56,866,"20,27",10E-6,"74,64",10E-6,0,10E-6
718,16-11-2021,17:50:06,866,"25,02",10E-6,"82,16",10E-6,0,10E-6
719,16-11-2021,17:50:16,866,"23,3",10E-6,"87,4",10E-6,0,10E-6
720,16-11-2021,17:50:26,866,"23,17",10E-6,"93,29",10E-6,0,10E-6
721,16-11-2021,17:50:36,866,"28,85",10E-6,"100,5",10E-6,0,10E-6
722,16-11-2021,17:50:46,866,"28,46",10E-6,"95,91",10E-6,0,10E-6
723,16-11-2021,17:50:56,866,"21,72",10E-6,"79,22",10E-6,0,10E-6
724,16-11-2021,17:51:06,866,"20,13",10E-6,"66,78",10E-6,0,10E-6
725,16-11-2021,17:51:16,866,"17,76",10E-6,"55,32",10E-6,0,10E-6
726,16-11-2021,17:51:26,866,"18,81",10E-6,"45,5",10E-6,0,10E-6
727,16-11-2021,17:51:36,866,"13,53",10E-6,"35,68",10E-6,0,10E-6
728,16-11-2021,17:51:46,866,"10,62",10E-6,"27,83",10E-6,0,10E-6
729,16-11-2021,17:51:56,866,"9,436",10E-6,"14,74",10E-6,0,10E-6
730,16-11-2021,17:52:06,866,"4,812",10E-6,"-9,814",10E-6,0,10E-6
731,16-11-2021,17:52:16,866,"-2,056",10E-6,"-18,98",10E-6,0,10E-6
732,16-11-2021,17:52:26,866,"-6,283",10E-6,-18,10E-6,0,10E-6
733,16-11-2021,17:52:36,866,"-9,849",10E-6,"-20,29",10E-6,0,10E-6
734,16-11-2021,17:52:46,866,"-9,189",10E-6,"-19,63",10E-6,0,10E-6
735,16-11-2021,17:52:56,866,"-15,26",10E-6,"-21,93",10E-6,0,10E-6
736,16-11-2021,17:53:06,866,"-18,17",10E-6,"-23,56",10E-6,0,10E-6
737,16-11-2021,17:53:16,866,"-18,04",10E-6,"-19,31",10E-6,0,10E-6
738,16-11-2021,17:53:26,866,"-19,1",10E-6,"-22,58",10E-6,0,10E-6
739,16-11-2021,17:53:36,866,"-22,66",10E-6,"-25,53",10E-6,0,10E-6
740,16-11-2021,17:53:46,866,"-24,38",10E-6,"-23,56",10E-6,0,10E-6
741,16-11-2021,17:53:56,866,"-25,44",10E-6,"-25,53",10E-6,0,10E-6
742,16-11-2021,17:54:06,866,"-22,4",10E-6,"-23,56",10E-6,0,10E-6
743,16-11-2021,17:54:16,866,"-26,36",10E-6,"-26,18",10E-6,0,10E-6
744,16-11-2021,17:54:26,866,"-27,55",10E-6,"-27,49",10E-6,0,10E-6
745,16-11-2021,17:54:36,866,"-26,49",10E-6,"-22,91",10E-6,0,10E-6
746,16-11-2021,17:54:46,866,"-26,36",10E-6,"-25,2",10E-6,0,10E-6
747,16-11-2021,17:54:56,866,"-20,94",10E-6,"-25,2",10E-6,0,10E-6
748,16-11-2021,17:55:06,866,"-16,19",10E-6,"-21,93",10E-6,0,10E-6
749,16-11-2021,17:55:16,866,"-11,17",10E-6,"-21,27",10E-6,0,10E-6
750,16-11-2021,17:55:26,866,"-2,849",10E-6,"-17,34",10E-6,0,10E-6
751,16-11-2021,17:55:36,866,"-1,132",10E-6,"-17,34",10E-6,0,10E-6
752,16-11-2021,17:55:46,866,"1,774",10E-6,"-2,286",10E-6,0,10E-6
753,16-11-2021,17:55:56,866,"6,794",10E-6,"16,04",10E-6,0,10E-6
754,16-11-2021,17:56:06,866,"10,36",10E-6,"26,85",10E-6,0,10E-6
755,16-11-2021,17:56:16,866,"11,95",10E-6,"36,34",10E-6,0,10E-6
756,16-11-2021,17:56:26,866,"13,93",10E-6,"46,16",10E-6,0,10E-6
757,16-11-2021,17:56:36,866,"15,51",10E-6,"56,63",10E-6,0,10E-6
758,16-11-2021,17:56:46,866,"21,85",10E-6,"66,13",10E-6,0,10E-6
759,16-11-2021,17:56:56,866,"20,93",10E-6,"72,02",10E-6,0,10E-6
760,16-11-2021,17:57:06,866,"20,4",10E-6,"79,22",10E-6,0,10E-6
761,16-11-2021,17:57:16,866,"25,02",10E-6,"87,07",10E-6,0,10E-6
762,16-11-2021,17:57:26,866,"26,74",10E-6,"93,29",10E-6,0,10E-6
763,16-11-2021,17:57:36,866,"26,08",10E-6,"98,2",10E-6,0,10E-6
764,16-11-2021,17:57:46,866,"24,89",10E-6,"93,62",10E-6,0,10E-6
765,16-11-2021,17:57:56,866,"21,59",10E-6,"78,56",10E-6,0,10E-6
766,16-11-2021,17:58:06,866,"23,04",10E-6,"65,47",10E-6,0,10E-6
767,16-11-2021,17:58:16,866,"18,81",10E-6,"54,67",10E-6,0,10E-6
768,16-11-2021,17:58:26,866,"14,32",10E-6,"43,87",10E-6,0,10E-6
769,16-11-2021,17:58:36,866,"14,72",10E-6,"37,32",10E-6,0,10E-6
770,16-11-2021,17:58:46,866,"13,13",10E-6,"29,46",10E-6,0,10E-6
771,16-11-2021,17:58:56,866,"7,983",10E-6,"12,12",10E-6,0,10E-6
772,16-11-2021,17:59:06,866,"2,171",10E-6,"-10,14",10E-6,0,10E-6
773,16-11-2021,17:59:16,866,"-2,452",10E-6,"-18,32",10E-6,0,10E-6
774,16-11-2021,17:59:26,866,"-2,981",10E-6,"-17,02",10E-6,0,10E-6
775,16-11-2021,17:59:36,866,"-9,057",10E-6,"-20,94",10E-6,0,10E-6
776,16-11-2021,17:59:46,866,"-13,02",10E-6,"-22,25",10E-6,0,10E-6
777,16-11-2021,17:59:56,866,"-14,6",10E-6,"-18,32",10E-6,0,10E-6
778,16-11-2021,18:00:06,866,"-16,72",10E-6,"-21,93",10E-6,0,10E-6
779,16-11-2021,18:00:16,866,"-18,83",10E-6,"-23,89",10E-6,0,10E-6
780,16-11-2021,18:00:26,866,"-21,61",10E-6,"-23,56",10E-6,0,10E-6
781,16-11-2021,18:00:36,866,"-23,32",10E-6,"-25,2",10E-6,0,10E-6
782,16-11-2021,18:00:46,866,"-21,34",10E-6,"-22,58",10E-6,0,10E-6
783,16-11-2021,18:00:56,866,"-24,51",10E-6,"-26,18",10E-6,0,10E-6
784,16-11-2021,18:01:06,866,"-26,23",10E-6,"-27,16",10E-6,0,10E-6
785,16-11-2021,18:01:16,866,"-26,23",10E-6,"-22,58",10E-6,0,10E-6
786,16-11-2021,18:01:26,866,"-26,89",10E-6,"-25,53",10E-6,0,10E-6
787,16-11-2021,18:01:36,866,"-26,23",10E-6,"-26,83",10E-6,0,10E-6
788,16-11-2021,18:01:46,866,"-28,08",10E-6,"-25,53",10E-6,0,10E-6
789,16-11-2021,18:01:56,866,-22,10E-6,"-24,22",10E-6,0,10E-6
790,16-11-2021,18:02:06,866,"-13,55",10E-6,"-19,31",10E-6,0,10E-6
791,16-11-2021,18:02:16,866,"-9,585",10E-6,"-21,27",10E-6,0,10E-6
792,16-11-2021,18:02:26,866,"-6,283",10E-6,"-20,29",10E-6,0,10E-6
793,16-11-2021,18:02:36,866,"-1,396",10E-6,"-13,41",10E-6,0,10E-6
794,16-11-2021,18:02:46,866,"2,567",10E-6,"-976,3E-3",10E-6,0,10E-6
795,16-11-2021,18:02:56,866,"7,19",10E-6,"13,43",10E-6,0,10E-6
796,16-11-2021,18:03:06,866,"8,511",10E-6,"25,54",10E-6,0,10E-6
797,16-11-2021,18:03:16,866,"10,76",10E-6,"36,99",10E-6,0,10E-6
798,16-11-2021,18:03:26,866,"17,1",10E-6,"47,79",10E-6,0,10E-6
799,16-11-2021,18:03:36,866,"17,76",10E-6,"54,67",10E-6,0,10E-6
800,16-11-2021,18:03:46,866,"17,23",10E-6,"62,85",10E-6,0,10E-6
801,16-11-2021,18:03:56,866,"21,06",10E-6,"72,02",10E-6,0,10E-6
802,16-11-2021,18:04:06,866,"23,04",10E-6,"79,87",10E-6,0,10E-6
803,16-11-2021,18:04:16,866,"24,36",10E-6,"85,44",10E-6,0,10E-6
804,16-11-2021,18:04:26,866,"24,23",10E-6,"91,66",10E-6,0,10E-6
805,16-11-2021,18:04:36,866,"24,49",10E-6,"98,2",10E-6,0,10E-6
806,16-11-2021,18:04:46,866,"28,59",10E-6,"95,26",10E-6,0,10E-6
807,16-11-2021,18:04:56,866,"24,1",10E-6,"77,91",10E-6,0,10E-6
808,16-11-2021,18:05:06,866,"19,08",10E-6,"65,8",10E-6,0,10E-6
809,16-11-2021,18:05:16,866,"18,68",10E-6,"55,32",10E-6,0,10E-6
810,16-11-2021,18:05:26,866,"16,7",10E-6,"45,5",10E-6,0,10E-6
811,16-11-2021,18:05:36,866,"14,32",10E-6,"36,34",10E-6,0,10E-6
812,16-11-2021,18:05:46,866,"11,15",10E-6,"28,48",10E-6,0,10E-6
813,16-11-2021,18:05:56,866,"7,058",10E-6,"12,77",10E-6,0,10E-6
814,16-11-2021,18:06:06,866,"5,077",10E-6,"-7,85",10E-6,0,10E-6
815,16-11-2021,18:06:16,866,"-1,396",10E-6,"-18,65",10E-6,0,10E-6
816,16-11-2021,18:06:26,866,"-6,415",10E-6,"-20,62",10E-6,0,10E-6
817,16-11-2021,18:06:36,866,"-9,057",10E-6,"-17,02",10E-6,0,10E-6
818,16-11-2021,18:06:46,866,"-12,09",10E-6,"-20,94",10E-6,0,10E-6
819,16-11-2021,18:06:56,866,"-14,34",10E-6,"-23,23",10E-6,0,10E-6
820,16-11-2021,18:07:06,866,"-17,91",10E-6,"-22,91",10E-6,0,10E-6
821,16-11-2021,18:07:16,866,"-20,02",10E-6,"-24,54",10E-6,0,10E-6
822,16-11-2021,18:07:26,866,"-18,7",10E-6,"-21,93",10E-6,0,10E-6
823,16-11-2021,18:07:36,866,-22,10E-6,"-25,53",10E-6,0,10E-6
824,16-11-2021,18:07:46,866,"-24,51",10E-6,"-27,16",10E-6,0,10E-6
825,16-11-2021,18:07:56,866,"-24,78",10E-6,"-22,25",10E-6,0,10E-6
826,16-11-2021,18:08:06,866,"-25,57",10E-6,"-25,2",10E-6,0,10E-6
827,16-11-2021,18:08:16,866,"-25,3",10E-6,"-26,51",10E-6,0,10E-6
828,16-11-2021,18:08:26,866,"-27,55",10E-6,"-25,53",10E-6,0,10E-6
829,16-11-2021,18:08:36,866,"-27,95",10E-6,"-25,53",10E-6,0,10E-6
830,16-11-2021,18:08:46,866,"-25,3",10E-6,"-22,25",10E-6,0,10E-6
831,16-11-2021,18:08:56,866,"-20,55",10E-6,"-23,89",10E-6,0,10E-6
832,16-11-2021,18:09:06,866,"-16,32",10E-6,"-22,91",10E-6,0,10E-6
833,16-11-2021,18:09:16,866,"-10,51",10E-6,"-17,02",10E-6,0,10E-6
834,16-11-2021,18:09:26,866,"-5,755",10E-6,"-18,32",10E-6,0,10E-6
835,16-11-2021,18:09:36,866,"57,26E-3",10E-6,"-16,36",10E-6,0,10E-6
836,16-11-2021,18:09:46,866,"2,039",10E-6,"-1,958",10E-6,0,10E-6
837,16-11-2021,18:09:56,866,"5,209",10E-6,"14,41",10E-6,0,10E-6
838,16-11-2021,18:10:06,866,"11,81",10E-6,"27,83",10E-6,0,10E-6
839,16-11-2021,18:10:16,866,13,10E-6,"35,36",10E-6,0,10E-6
840,16-11-2021,18:10:26,866,"13,13",10E-6,"44,85",10E-6,0,10E-6
841,16-11-2021,18:10:36,866,"17,36",10E-6,"55,32",10E-6,0,10E-6
842,16-11-2021,18:10:46,866,"19,87",10E-6,"64,16",10E-6,0,10E-6
843,16-11-2021,18:10:56,866,"21,06",10E-6,"71,36",10E-6,0,10E-6
844,16-11-2021,18:11:06,866,"21,46",10E-6,"78,24",10E-6,0,10E-6
845,16-11-2021,18:11:16,866,"22,12",10E-6,"86,09",10E-6,0,10E-6
846,16-11-2021,18:11:26,866,"28,19",10E-6,"93,62",10E-6,0,10E-6
847,16-11-2021,18:11:36,866,27,10E-6,"97,88",10E-6,0,10E-6
848,16-11-2021,18:11:46,866,"23,83",10E-6,"93,95",10E-6,0,10E-6
849,16-11-2021,18:11:56,866,"23,97",10E-6,"79,55",10E-6,0,10E-6
850,16-11-2021,18:12:06,866,"21,46",10E-6,"65,47",10E-6,0,10E-6
851,16-11-2021,18:12:16,866,"18,55",10E-6,"55,98",10E-6,0,10E-6
852,16-11-2021,18:12:26,866,"15,25",10E-6,"44,85",10E-6,0,10E-6
853,16-11-2021,18:12:36,866,"12,87",10E-6,"37,32",10E-6,0,10E-6
854,16-11-2021,18:12:46,866,"14,98",10E-6,"31,1",10E-6,0,10E-6
855,16-11-2021,18:12:56,866,"7,983",10E-6,"12,12",10E-6,0,10E-6
856,16-11-2021,18:13:06,866,"2,039",10E-6,"-11,12",10E-6,0,10E-6
857,16-11-2021,18:13:16,866,"-1,132",10E-6,"-14,72",10E-6,0,10E-6
858,16-11-2021,18:13:26,866,"-4,698",10E-6,"-19,31",10E-6,0,10E-6
859,16-11-2021,18:13:36,866,"-8,925",10E-6,"-21,93",10E-6,0,10E-6
860,16-11-2021,18:13:46,866,"-12,89",10E-6,"-21,27",10E-6,0,10E-6
861,16-11-2021,18:13:56,866,"-15,66",10E-6,"-23,56",10E-6,0,10E-6
862,16-11-2021,18:14:06,866,"-14,34",10E-6,"-21,6",10E-6,0,10E-6
863,16-11-2021,18:14:16,866,"-19,36",10E-6,"-24,87",10E-6,0,10E-6
864,16-11-2021,18:14:26,866,"-21,74",10E-6,"-26,51",10E-6,0,10E-6
865,16-11-2021,18:14:36,866,-22,10E-6,"-21,93",10E-6,0,10E-6
866,16-11-2021,18:14:46,866,"-22,79",10E-6,"-24,54",10E-6,0,10E-6
867,16-11-2021,18:14:56,866,"-24,51",10E-6,"-26,51",10E-6,0,10E-6
868,16-11-2021,18:15:06,866,"-26,23",10E-6,"-24,54",10E-6,0,10E-6
869,16-11-2021,18:15:16,866,"-27,02",10E-6,"-25,2",10E-6,0,10E-6
870,16-11-2021,18:15:26,866,"-24,11",10E-6,"-22,58",10E-6,0,10E-6
871,16-11-2021,18:15:36,866,"-27,15",10E-6,"-24,87",10E-6,0,10E-6
872,16-11-2021,18:15:46,866,"-28,08",10E-6,"-25,85",10E-6,0,10E-6
873,16-11-2021,18:15:56,866,"-20,94",10E-6,"-19,63",10E-6,0,10E-6
874,16-11-2021,18:16:06,866,"-14,87",10E-6,"-20,62",10E-6,0,10E-6
875,16-11-2021,18:16:16,866,"-9,981",10E-6,"-20,62",10E-6,0,10E-6
876,16-11-2021,18:16:26,866,"-6,019",10E-6,-18,10E-6,0,10E-6
877,16-11-2021,18:16:36,866,"-1,924",10E-6,"-16,36",10E-6,0,10E-6
878,16-11-2021,18:16:46,866,"5,605",10E-6,"5,64E-3",10E-6,0,10E-6
879,16-11-2021,18:16:56,866,"6,133",10E-6,"12,77",10E-6,0,10E-6
880,16-11-2021,18:17:06,866,"7,85",10E-6,"24,23",10E-6,0,10E-6
881,16-11-2021,18:17:16,866,"13,27",10E-6,"36,67",10E-6,0,10E-6
882,16-11-2021,18:17:26,866,"16,57",10E-6,"45,83",10E-6,0,10E-6
883,16-11-2021,18:17:36,866,"16,17",10E-6,"54,01",10E-6,0,10E-6
884,16-11-2021,18:17:46,866,"18,15",10E-6,"62,52",10E-6,0,10E-6
885,16-11-2021,18:17:56,866,"19,74",10E-6,"71,36",10E-6,0,10E-6
886,16-11-2021,18:18:06,866,"25,68",10E-6,"79,87",10E-6,0,10E-6
887,16-11-2021,18:18:16,866,"23,57",10E-6,"85,44",10E-6,0,10E-6
888,16-11-2021,18:18:26,866,"23,17",10E-6,"91,98",10E-6,0,10E-6
889,16-11-2021,18:18:36,866,"28,46",10E-6,"99,18",10E-6,0,10E-6
890,16-11-2021,18:18:46,866,"28,46",10E-6,"95,26",10E-6,0,10E-6
891,16-11-2021,18:18:56,866,"21,98",10E-6,"79,22",10E-6,0,10E-6
892,16-11-2021,18:19:06,866,"20,13",10E-6,"66,78",10E-6,0,10E-6
893,16-11-2021,18:19:16,866,"17,36",10E-6,"55,65",10E-6,0,10E-6
894,16-11-2021,18:19:26,866,"18,95",10E-6,"46,49",10E-6,0,10E-6
895,16-11-2021,18:19:36,866,"13,4",10E-6,"36,34",10E-6,0,10E-6
896,16-11-2021,18:19:46,866,"10,49",10E-6,"28,48",10E-6,0,10E-6
897,16-11-2021,18:19:56,866,"9,436",10E-6,"14,74",10E-6,0,10E-6
898,16-11-2021,18:20:06,866,"4,68",10E-6,"-10,14",10E-6,0,10E-6
899,16-11-2021,18:20:16,866,"-2,32",10E-6,"-19,96",10E-6,0,10E-6
900,16-11-2021,18:20:26,866,"-6,283",10E-6,"-18,65",10E-6,0,10E-6
901,16-11-2021,18:20:36,866,"-9,717",10E-6,"-21,6",10E-6,0,10E-6
902,16-11-2021,18:20:46,866,"-9,717",10E-6,"-21,6",10E-6,0,10E-6
903,16-11-2021,18:20:56,866,"-15,4",10E-6,"-23,56",10E-6,0,10E-6
904,16-11-2021,18:21:06,866,"-18,17",10E-6,"-25,53",10E-6,0,10E-6
905,16-11-2021,18:21:16,866,"-17,64",10E-6,"-21,6",10E-6,0,10E-6
906,16-11-2021,18:21:26,866,"-19,23",10E-6,"-24,54",10E-6,0,10E-6
907,16-11-2021,18:21:36,866,"-22,93",10E-6,"-26,51",10E-6,0,10E-6
908,16-11-2021,18:21:46,866,"-24,38",10E-6,"-23,23",10E-6,0,10E-6
909,16-11-2021,18:21:56,866,"-25,3",10E-6,"-24,54",10E-6,0,10E-6
910,16-11-2021,18:22:06,866,"-23,06",10E-6,"-23,56",10E-6,0,10E-6
911,16-11-2021,18:22:16,866,"-26,76",10E-6,"-24,22",10E-6,0,10E-6
912,16-11-2021,18:22:26,866,"-27,81",10E-6,"-25,85",10E-6,0,10E-6
913,16-11-2021,18:22:36,866,"-25,7",10E-6,"-21,27",10E-6,0,10E-6
914,16-11-2021,18:22:46,866,"-25,57",10E-6,"-23,56",10E-6,0,10E-6
915,16-11-2021,18:22:56,866,"-21,74",10E-6,"-23,89",10E-6,0,10E-6
916,16-11-2021,18:23:06,866,"-16,19",10E-6,"-19,31",10E-6,0,10E-6
917,16-11-2021,18:23:16,866,"-10,91",10E-6,"-19,96",10E-6,0,10E-6
918,16-11-2021,18:23:26,866,"-3,245",10E-6,"-18,32",10E-6,0,10E-6
919,16-11-2021,18:23:36,866,"-1,66",10E-6,"-17,34",10E-6,0,10E-6
920,16-11-2021,18:23:46,866,"1,642",10E-6,"-3,595",10E-6,0,10E-6
921,16-11-2021,18:23:56,866,"8,115",10E-6,"14,74",10E-6,0,10E-6
922,16-11-2021,18:24:06,866,"10,89",10E-6,"25,21",10E-6,0,10E-6
923,16-11-2021,18:24:16,866,"10,89",10E-6,"34,37",10E-6,0,10E-6
924,16-11-2021,18:24:26,866,"14,32",10E-6,"44,19",10E-6,0,10E-6
925,16-11-2021,18:24:36,866,"17,23",10E-6,"54,34",10E-6,0,10E-6
926,16-11-2021,18:24:46,866,"20,27",10E-6,"63,51",10E-6,0,10E-6
927,16-11-2021,18:24:56,866,20,10E-6,"70,71",10E-6,0,10E-6
928,16-11-2021,18:25:06,866,"20,4",10E-6,"78,24",10E-6,0,10E-6
929,16-11-2021,18:25:16,866,"26,61",10E-6,"87,4",10E-6,0,10E-6
930,16-11-2021,18:25:26,866,"26,47",10E-6,"93,29",10E-6,0,10E-6
931,16-11-2021,18:25:36,866,"24,49",10E-6,"98,53",10E-6,0,10E-6
932,16-11-2021,18:25:46,866,"26,21",10E-6,"94,6",10E-6,0,10E-6
933,16-11-2021,18:25:56,866,"24,36",10E-6,"79,87",10E-6,0,10E-6
934,16-11-2021,18:26:06,866,"20,53",10E-6,"65,8",10E-6,0,10E-6
935,16-11-2021,18:26:16,866,"17,89",10E-6,"55,98",10E-6,0,10E-6
936,16-11-2021,18:26:26,866,"14,45",10E-6,"44,85",10E-6,0,10E-6
937,16-11-2021,18:26:36,866,"16,83",10E-6,"37,98",10E-6,0,10E-6
938,16-11-2021,18:26:46,866,"12,47",10E-6,"29,14",10E-6,0,10E-6
939,16-11-2021,18:26:56,866,"6,794",10E-6,"10,81",10E-6,0,10E-6
940,16-11-2021,18:27:06,866,"3,227",10E-6,"-9,487",10E-6,0,10E-6
941,16-11-2021,18:27:16,866,"-603,2E-3",10E-6,"-19,31",10E-6,0,10E-6
942,16-11-2021,18:27:26,866,"-5,358",10E-6,"-20,94",10E-6,0,10E-6
943,16-11-2021,18:27:36,866,"-9,717",10E-6,"-20,94",10E-6,0,10E-6
944,16-11-2021,18:27:46,866,"-13,42",10E-6,"-24,22",10E-6,0,10E-6
945,16-11-2021,18:27:56,866,"-11,96",10E-6,"-21,93",10E-6,0,10E-6
946,16-11-2021,18:28:06,866,"-17,11",10E-6,"-23,56",10E-6,0,10E-6
947,16-11-2021,18:28:16,866,"-20,02",10E-6,"-25,85",10E-6,0,10E-6
948,16-11-2021,18:28:26,866,"-20,55",10E-6,"-22,25",10E-6,0,10E-6
949,16-11-2021,18:28:36,866,"-21,08",10E-6,"-23,89",10E-6,0,10E-6
950,16-11-2021,18:28:46,866,"-23,59",10E-6,"-24,22",10E-6,0,10E-6
951,16-11-2021,18:28:56,866,"-25,44",10E-6,"-22,58",10E-6,0,10E-6
952,16-11-2021,18:29:06,866,"-26,76",10E-6,"-25,2",10E-6,0,10E-6
953,16-11-2021,18:29:16,866,"-23,19",10E-6,"-22,58",10E-6,0,10E-6
954,16-11-2021,18:29:26,866,"-26,89",10E-6,"-23,23",10E-6,0,10E-6
955,16-11-2021,18:29:36,866,"-28,08",10E-6,"-25,85",10E-6,0,10E-6
956,16-11-2021,18:29:46,866,"-26,76",10E-6,"-21,93",10E-6,0,10E-6
957,16-11-2021,18:29:56,866,"-19,62",10E-6,"-22,58",10E-6,0,10E-6
958,16-11-2021,18:30:06,866,"-15,53",10E-6,"-21,6",10E-6,0,10E-6
959,16-11-2021,18:30:16,866,"-11,04",10E-6,"-19,63",10E-6,0,10E-6
960,16-11-2021,18:30:26,866,"-6,547",10E-6,"-20,94",10E-6,0,10E-6
961,16-11-2021,18:30:36,866,"1,774",10E-6,"-16,69",10E-6,0,10E-6
962,16-11-2021,18:30:46,866,"2,567",10E-6,"-2,94",10E-6,0,10E-6
963,16-11-2021,18:30:56,866,"4,812",10E-6,"11,46",10E-6,0,10E-6
964,16-11-2021,18:31:06,866,"10,62",10E-6,"24,88",10E-6,0,10E-6
965,16-11-2021,18:31:16,866,"14,19",10E-6,"35,03",10E-6,0,10E-6
966,16-11-2021,18:31:26,866,"13,79",10E-6,"45,18",10E-6,0,10E-6
967,16-11-2021,18:31:36,866,"16,44",10E-6,"53,69",10E-6,0,10E-6
968,16-11-2021,18:31:46,866,"18,55",10E-6,"62,52",10E-6,0,10E-6
969,16-11-2021,18:31:56,866,"22,91",10E-6,"72,34",10E-6,0,10E-6
970,16-11-2021,18:32:06,866,"21,98",10E-6,"79,87",10E-6,0,10E-6
971,16-11-2021,18:32:16,866,"21,72",10E-6,"86,42",10E-6,0,10E-6
972,16-11-2021,18:32:26,866,"27,53",10E-6,"93,62",10E-6,0,10E-6
973,16-11-2021,18:32:36,866,"27,93",10E-6,"99,51",10E-6,0,10E-6
974,16-11-2021,18:32:46,866,"24,36",10E-6,"95,58",10E-6,0,10E-6
975,16-11-2021,18:32:56,866,"23,17",10E-6,"79,22",10E-6,0,10E-6
976,16-11-2021,18:33:06,866,"21,32",10E-6,"66,78",10E-6,0,10E-6
977,16-11-2021,18:33:16,866,"18,95",10E-6,"55,65",10E-6,0,10E-6
978,16-11-2021,18:33:26,866,"15,64",10E-6,"45,5",10E-6,0,10E-6
979,16-11-2021,18:33:36,866,"12,47",10E-6,"35,03",10E-6,0,10E-6
980,16-11-2021,18:33:46,866,"14,32",10E-6,"28,48",10E-6,0,10E-6
981,16-11-2021,18:33:56,866,"8,379",10E-6,"11,13",10E-6,0,10E-6
982,16-11-2021,18:34:06,866,"2,303",10E-6,"-12,11",10E-6,0,10E-6
983,16-11-2021,18:34:16,866,"-1,528",10E-6,"-17,34",10E-6,0,10E-6
984,16-11-2021,18:34:26,866,"-5,094",10E-6,"-21,93",10E-6,0,10E-6
985,16-11-2021,18:34:36,866,"-8,793",10E-6,"-22,25",10E-6,0,10E-6
986,16-11-2021,18:34:46,866,"-12,49",10E-6,"-20,94",10E-6,0,10E-6
987,16-11-2021,18:34:56,866,"-16,06",10E-6,"-24,87",10E-6,0,10E-6
988,16-11-2021,18:35:06,866,"-14,47",10E-6,"-22,91",10E-6,0,10E-6
989,16-11-2021,18:35:16,866,"-19,23",10E-6,"-23,23",10E-6,0,10E-6
990,16-11-2021,18:35:26,866,"-21,47",10E-6,"-23,89",10E-6,0,10E-6
991,16-11-2021,18:35:36,866,-22,10E-6,"-21,27",10E-6,0,10E-6
992,16-11-2021,18:35:46,866,"-22,66",10E-6,"-24,54",10E-6,0,10E-6
993,16-11-2021,18:35:56,866,"-24,64",10E-6,"-23,89",10E-6,0,10E-6
994,16-11-2021,18:36:06,866,"-25,83",10E-6,"-21,27",10E-6,0,10E-6
995,16-11-2021,18:36:16,866,"-27,42",10E-6,"-25,2",10E-6,0,10E-6
996,16-11-2021,18:36:26,866,"-24,11",10E-6,"-23,89",10E-6,0,10E-6
997,16-11-2021,18:36:36,866,"-27,28",10E-6,"-23,89",10E-6,0,10E-6
998,16-11-2021,18:36:46,866,"-27,81",10E-6,"-24,87",10E-6,0,10E-6
999,16-11-2021,18:36:56,866,"-20,42",10E-6,"-20,94",10E-6,0,10E-6
1000,16-11-2021,18:37:06,866,"-14,21",10E-6,"-23,23",10E-6,0,10E-6
1001,16-11-2021,18:37:16,866,"-10,38",10E-6,"-21,93",10E-6,0,10E-6
1002,16-11-2021,18:37:26,866,"-5,887",10E-6,"-17,67",10E-6,0,10E-6
1003,16-11-2021,18:37:36,866,"-2,056",10E-6,"-18,98",10E-6,0,10E-6
1004,16-11-2021,18:37:46,866,"5,077",10E-6,"-3,595",10E-6,0,10E-6
1005,16-11-2021,18:37:56,866,"6,001",10E-6,"12,44",10E-6,0,10E-6
1006,16-11-2021,18:38:06,866,"8,247",10E-6,"24,55",10E-6,0,10E-6
1007,16-11-2021,18:38:16,866,"13,93",10E-6,"35,36",10E-6,0,10E-6
1008,16-11-2021,18:38:26,866,"16,17",10E-6,"44,19",10E-6,0,10E-6
1009,16-11-2021,18:38:36,866,"15,78",10E-6,55,10E-6,0,10E-6
1010,16-11-2021,18:38:46,866,"19,21",10E-6,"64,49",10E-6,0,10E-6
1011,16-11-2021,18:38:56,866,"20,93",10E-6,"71,69",10E-6,0,10E-6
1012,16-11-2021,18:39:06,866,"23,04",10E-6,"79,55",10E-6,0,10E-6
1013,16-11-2021,18:39:16,866,"23,44",10E-6,"87,07",10E-6,0,10E-6
1014,16-11-2021,18:39:26,866,"23,57",10E-6,"93,95",10E-6,0,10E-6
1015,16-11-2021,18:39:36,866,"29,12",10E-6,"99,51",10E-6,0,10E-6
1016,16-11-2021,18:39:46,866,"26,21",10E-6,"94,6",10E-6,0,10E-6
1017,16-11-2021,18:39:56,866,"21,59",10E-6,"79,87",10E-6,0,10E-6
1018,16-11-2021,18:40:06,866,"21,32",10E-6,"65,47",10E-6,0,10E-6
1019,16-11-2021,18:40:16,866,"19,87",10E-6,"54,67",10E-6,0,10E-6
1020,16-11-2021,18:40:26,866,"15,64",10E-6,"43,54",10E-6,0,10E-6
1021,16-11-2021,18:40:36,866,"13,66",10E-6,"35,36",10E-6,0,10E-6
1022,16-11-2021,18:40:46,866,"11,42",10E-6,"27,83",10E-6,0,10E-6
1023,16-11-2021,18:40:56,866,"10,62",10E-6,"10,81",10E-6,0,10E-6
1024,16-11-2021,18:41:06,866,"2,435",10E-6,"-13,09",10E-6,0,10E-6
1025,16-11-2021,18:41:16,866,"-2,452",10E-6,"-20,29",10E-6,0,10E-6
1026,16-11-2021,18:41:26,866,"-4,434",10E-6,"-17,67",10E-6,0,10E-6
1027,16-11-2021,18:41:36,866,"-7,604",10E-6,"-23,23",10E-6,0,10E-6
1028,16-11-2021,18:41:46,866,"-12,62",10E-6,"-23,89",10E-6,0,10E-6
1029,16-11-2021,18:41:56,866,"-15,13",10E-6,"-19,96",10E-6,0,10E-6
1030,16-11-2021,18:42:06,866,"-17,77",10E-6,"-22,58",10E-6,0,10E-6
1031,16-11-2021,18:42:16,866,"-16,85",10E-6,"-22,58",10E-6,0,10E-6
1032,16-11-2021,18:42:26,866,"-21,61",10E-6,"-23,56",10E-6,0,10E-6
1033,16-11-2021,18:42:36,866,"-23,19",10E-6,"-23,89",10E-6,0,10E-6
1034,16-11-2021,18:42:46,866,-22,10E-6,"-20,29",10E-6,0,10E-6
1035,16-11-2021,18:42:56,866,"-23,59",10E-6,"-24,22",10E-6,0,10E-6
1036,16-11-2021,18:43:06,866,"-26,1",10E-6,"-25,2",10E-6,0,10E-6
1037,16-11-2021,18:43:16,866,"-26,49",10E-6,"-20,94",10E-6,0,10E-6
1038,16-11-2021,18:43:26,866,"-27,15",10E-6,"-24,22",10E-6,0,10E-6
1039,16-11-2021,18:43:36,866,"-25,7",10E-6,"-25,53",10E-6,0,10E-6
1040,16-11-2021,18:43:46,866,"-27,95",10E-6,"-25,2",10E-6,0,10E-6
1041,16-11-2021,18:43:56,866,-22,10E-6,"-24,54",10E-6,0,10E-6
1042,16-11-2021,18:44:06,866,"-13,55",10E-6,"-19,96",10E-6,0,10E-6
1043,16-11-2021,18:44:16,866,"-9,717",10E-6,"-22,58",10E-6,0,10E-6
1044,16-11-2021,18:44:26,866,"-6,283",10E-6,"-21,93",10E-6,0,10E-6
1045,16-11-2021,18:44:36,866,"-867,4E-3",10E-6,"-15,05",10E-6,0,10E-6
1046,16-11-2021,18:44:46,866,"3,359",10E-6,"-3,268",10E-6,0,10E-6
1047,16-11-2021,18:44:56,866,"6,397",10E-6,"11,46",10E-6,0,10E-6
1048,16-11-2021,18:45:06,866,"8,643",10E-6,"23,9",10E-6,0,10E-6
1049,16-11-2021,18:45:16,866,"11,02",10E-6,"35,68",10E-6,0,10E-6
1050,16-11-2021,18:45:26,866,"17,76",10E-6,"46,81",10E-6,0,10E-6
1051,16-11-2021,18:45:36,866,"16,7",10E-6,"54,67",10E-6,0,10E-6
1052,16-11-2021,18:45:46,866,"16,96",10E-6,"63,51",10E-6,0,10E-6
1053,16-11-2021,18:45:56,866,"22,64",10E-6,"73,33",10E-6,0,10E-6
1054,16-11-2021,18:46:06,866,"24,89",10E-6,"80,53",10E-6,0,10E-6
1055,16-11-2021,18:46:16,866,"22,51",10E-6,"86,42",10E-6,0,10E-6
1056,16-11-2021,18:46:26,866,"24,63",10E-6,"92,64",10E-6,0,10E-6
1057,16-11-2021,18:46:36,866,"25,81",10E-6,"99,18",10E-6,0,10E-6
1058,16-11-2021,18:46:46,866,"28,46",10E-6,"94,93",10E-6,0,10E-6
1059,16-11-2021,18:46:56,866,"22,51",10E-6,"77,58",10E-6,0,10E-6
1060,16-11-2021,18:47:06,866,"18,95",10E-6,"65,14",10E-6,0,10E-6
1061,16-11-2021,18:47:16,866,"20,53",10E-6,55,10E-6,0,10E-6
1062,16-11-2021,18:47:26,866,"-74,82E-3",10E-6,"5,64E-3",10E-6,1,10E-6
1063,16-11-2021,18:47:36,866,"-74,82E-3",10E-6,"5,64E-3",10E-6,1,10E-6
1064,16-11-2021,18:47:46,866,"-74,82E-3",10E-6,"5,64E-3",10E-6,1,10E-6
1065,16-11-2021,18:47:56,866,"-74,82E-3",10E-6,"5,64E-3",10E-6,1,10E-6
1066,16-11-2021,18:48:06,866,"-74,82E-3",10E-6,"5,64E-3",10E-6,1,10E-6
1067,16-11-2021,18:48:16,866,"-74,82E-3",10E-6,"5,64E-3",10E-6,1,10E-6
1068,16-11-2021,18:48:26,866,"-74,82E-3",10E-6,"5,64E-3",10E-6,1,10E-6
1069,16-11-2021,18:48:36,866,"-74,82E-3",10E-6,"5,64E-3",10E-6,1,10E-6
1070,16-11-2021,18:48:46,866,"-74,82E-3",10E-6,"5,64E-3",10E-6,1,10E-6
1071,16-11-2021,18:48:56,866,"-74,82E-3",10E-6,"5,64E-3",10E-6,1,10E-6
